"conversation_id_str","created_at","favorite_count","full_text","id_str","image_url","in_reply_to_screen_name","lang","location","quote_count","reply_count","retweet_count","tweet_url","user_id_str","username"
"1740556534340567210","Fri Dec 29 23:59:45 +0000 2023","0","@KompasTV Ngeri milih Prabowo Gus Dur ja bisa dibungkam sama 100 sniper apalagi oposisi ngarunginnya gampang bangat kan udah berpengalaman","1740885348115419441","","KompasTV","in","aboveground","0","0","0","https://twitter.com/ErwinRockerkids/status/1740885348115419441","1535911464","ErwinRockerkids"
"1740696028301652285","Fri Dec 29 23:57:22 +0000 2023","0","@Munir_Timur Ngeri ngeri sedap mas wowo","1740884748250288343","","Munir_Timur","in","Tambun, Indonesia","0","0","0","https://twitter.com/GanRusdi/status/1740884748250288343","817391445283782658","GanRusdi"
"1740663536991584522","Fri Dec 29 23:57:08 +0000 2023","1","@PDemokrat Ngeri milih Prabowo Gus Dur ja bisa dibungkam sama 100 sniper apalagi oposisi ngarunginnya gampang bangat kan udah berpengalaman","1740884690205380841","","PDemokrat","in","aboveground","0","0","0","https://twitter.com/ErwinRockerkids/status/1740884690205380841","1535911464","ErwinRockerkids"
"1740753904504361404","Fri Dec 29 23:56:45 +0000 2023","0","@PartaiSocmed Gw lebih khawatir kalo prabowo d teriakin anies khawatir d tangkep sama pengawalnya krna suruhan wowo ngeri kali kalo ada presiden kek gitu","1740884591949554057","","PartaiSocmed","in","Jakarta Selatan, DKI Jakarta","0","0","0","https://twitter.com/RivalIstana/status/1740884591949554057","1582054336359673859","RivalIstana"
"1740463155401326672","Fri Dec 29 23:56:31 +0000 2023","0","@tvOneNews Baru satu Mas Gibran semua orang sudah ketar-ketir","1740884531392246066","","tvOneNews","in","","0","0","0","https://twitter.com/semarmesem927/status/1740884531392246066","1724304595751702528","semarmesem927"
"1740696501679268196","Fri Dec 29 23:56:30 +0000 2023","0","@AgusYudhoyono @PDemokrat Ngeri milih Prabowo Gus Dur ja bisa dibungkam sama 100 sniper apalagi oposisi ngarunginnya gampang bangat kan udah berpengalaman","1740884528007434336","","AgusYudhoyono","in","aboveground","0","0","0","https://twitter.com/ErwinRockerkids/status/1740884528007434336","1535911464","ErwinRockerkids"
"1740612231648469078","Fri Dec 29 23:55:00 +0000 2023","0","@MMedialurus @BosPurwa @prabowo @gusmiftah Takut kere.","1740884150260035655","","MMedialurus","in","","0","0","0","https://twitter.com/Kh74787180Abdul/status/1740884150260035655","1553277940430802944","Kh74787180Abdul"
"1740728988593741978","Fri Dec 29 23:54:53 +0000 2023","0","@adiiprnmo Dikasih Jokowi bilangnya planga-plongo boneka partai demokrasi hilang. Dikasih prabowo takut inilah itulah. Lemah!","1740884121302491470","","adiiprnmo","in","","0","0","0","https://twitter.com/ElymartJastro/status/1740884121302491470","597608535","ElymartJastro"
"1740668938026111308","Fri Dec 29 23:53:33 +0000 2023","0","@Gojekmilitan @prabowo masnya ga takut ilang ya mas?","1740883788350341334","","Gojekmilitan","in","+62271","0","0","0","https://twitter.com/wastedyouthlife/status/1740883788350341334","4230821697","wastedyouthlife"
"1740640020623659259","Fri Dec 29 23:53:18 +0000 2023","0","@traderedan Ngeri maenannya black campaign nya uy @prabowo @gibran_tweet @Gerindra","1740883725611864124","","traderedan","in","near you","0","0","0","https://twitter.com/comeondey/status/1740883725611864124","3089223468","comeondey"
"1735963364264935736","Fri Dec 29 23:42:27 +0000 2023","0","@AlmaghribiS @prabowo Termasuk program isi Septic-tank 1 triliun perhari 300 triliun pertahun saat rakyat kesulitan utang Triliunan buat nakut-nakuti negara tetangga..apa China jadi takut ..? Yuk pilih ini kalo pingin negara rusak...ingat Jangan Pilih Ya...@KompasTV @tvOneNews","1740880994331398569","","AlmaghribiS","in","","0","0","0","https://twitter.com/Gendruw007/status/1740880994331398569","1711928635589074944","Gendruw007"
"1740533288543068612","Fri Dec 29 23:38:25 +0000 2023","0","@MaliminRinaldi Lho bukanya nya banyak yang malah khawatir kalau Prabowo Gibran yang menang ya .... Hahahaahahaha","1740879978739454381","","MaliminRinaldi","in","Jakarta ","0","0","0","https://twitter.com/sammyfish13/status/1740879978739454381","233525956","sammyfish13"
"1740560490458480907","Fri Dec 29 23:34:41 +0000 2023","0","@Heraloebss Wkwkk. Panik ya. Ngebet bgt satu putaran. Prabowo cukup 1 putaran. Biar putaran 2 anis vs ganjar.","1740879038951092258","","Heraloebss","in","","0","0","0","https://twitter.com/hattoricoin/status/1740879038951092258","1343045333597659138","hattoricoin"
"1740660794197741971","Fri Dec 29 23:31:38 +0000 2023","0","@jr792z @kurnianzo @gibran_tweet Yg serang sana sini capres lu goblog dah survey ktanya paling tinggi ngapain panik...otak dipake https://t.co/kbjBHMWft1","1740878271087284322","https://pbs.twimg.com/media/GCjXj8-akAAeitJ.png","jr792z","in","Denpasar","0","0","0","https://twitter.com/aliefxzn/status/1740878271087284322","88509838","aliefxzn"
"1740523148825829661","Fri Dec 29 23:29:25 +0000 2023","1","@KlMJONGGUN @AmandaMarsela42 @strike_bravo_b @prabowo @Gerindra @gibran_tweet lu mainnya ngeri wajib gak dipilih nih 02. Syerem... ","1740877713773371819","","","in","","0","1","0","https://twitter.com/samododiw/status/1740877713773371819","1408487747145199618","samododiw"
"1740623197937320108","Fri Dec 29 23:27:34 +0000 2023","0","@tomy46774 @andikamalreza @prabowo Goblok anda berani sekali sodara. Yg baca aja takut ","1740877249828839852","","tomy46774","in","","0","0","0","https://twitter.com/4riefbayu/status/1740877249828839852","2244833904","4riefbayu"
"1740876531428389271","Fri Dec 29 23:24:43 +0000 2023","1","mau desak samsul ? .... itu ada buku nya baca aja sendiri mau desak wowo..... belum di tanya dah gebrak2 podium kan ngeri...","1740876531428389271","","","in","14 Ave Th√®ophile Gautier,Paris","0","1","0","https://twitter.com/asetiaji/status/1740876531428389271","28269605","asetiaji"
"1740750368982917474","Fri Dec 29 23:24:26 +0000 2023","0","@M45Broo Panik karena Jokowi TAK bisa joged gemoy ala Prabowo!! Lalu Jokowi memanggil Prabowo untuk mengajarinya.","1740876459491930422","","M45Broo_","in","WADUK KEDUNGOMBO","0","0","0","https://twitter.com/SOEMARIDJEM/status/1740876459491930422","1733464034568257536","SOEMARIDJEM"
"1740747098960900535","Fri Dec 29 23:23:52 +0000 2023","1","@Hasbil_Lbs @aniesbaswedan Itulah knp Santainya Anies klo teriak nama Paslon lain di depan pak Prabowo saya yakin GK ada yg berani.. Karena....... (Sebagian teks hilang) Teks aja hilang apalagi (udh ya saya takut nih)... Ahayyyyy","1740876316415852682","","Hasbil_Lbs","in","deket colokan","0","0","0","https://twitter.com/agung_e_f/status/1740876316415852682","997166923","agung_e_f"
"1729514389718339688","Fri Dec 29 23:22:32 +0000 2023","0","@DokterTifa @aniesbaswedan @cakimiNOW @gibran_tweet Untuk semua yg komen org pinter banyak goblok ngaku pinter banyak tp yg punya kesempatan itu dikit org untung dikit ada ngga yg merasa pinter jago debat bikin laporan kl merasa paling benar? Pd sok pinter komen di sosmed digiring @DokterTifa untuk benci orang lain Takut ahh","1740875980678545854","","DokterTifa","in","","0","0","0","https://twitter.com/budiwaluyo6366/status/1740875980678545854","3754527860","budiwaluyo6366"
"1729514389718339688","Fri Dec 29 23:16:59 +0000 2023","0","@DokterTifa @aniesbaswedan @cakimiNOW @gibran_tweet Kalo saya ya lbh baik @gibran_tweet yg pernah menjabat Walikota dan berkesempatan Cawapres dr pada @DokterTifa yg ngaku Pinter ilmunya banyak berhijab tp tiap hari bikin tweet yg menjelekan orang lain alias Gibah n Hoax ukur tu dosa sdh berapa berat nya ingat Akhirat g takut?","1740874583870443856","","DokterTifa","in","","0","0","0","https://twitter.com/budiwaluyo6366/status/1740874583870443856","3754527860","budiwaluyo6366"
"1740610584968876053","Fri Dec 29 23:15:23 +0000 2023","0","@Aryprasetyo85 @007koteka @03__nakula @_BungHerwin @_memoryusang @__AnakKolong @islah_bahrawi @GunRomli @Marbot_Udien @Miduk17 @seruanhl Blm jadi ibu negara aja sdh se agresif ini. Maaf Bu sy ngeri Bu..","1740874182920163531","","Aryprasetyo85","in","","0","0","0","https://twitter.com/Dulure_Gibran/status/1740874182920163531","4319618606","Dulure_Gibran"
"1740638783832563931","Fri Dec 29 23:14:52 +0000 2023","0","@democrazymedia Semoga ajak pak prabowo ngak niak takut soal kalau pak wowo menjadi presiden","1740874049885217086","","democrazymedia","in","","0","0","0","https://twitter.com/JenniferMi27818/status/1740874049885217086","1722246624339177472","JenniferMi27818"
"1740638783832563931","Fri Dec 29 23:13:49 +0000 2023","0","@democrazymedia Takut banget pilih pak prabowo menjadi presiden RI","1740873786260599041","","democrazymedia","in","","0","0","0","https://twitter.com/mckinney_v29311/status/1740873786260599041","1722246262391709697","mckinney_v29311"
"1740672260703490329","Fri Dec 29 23:13:44 +0000 2023","0","@M45Broo Pilpres 2019 juga ramai #gantipresiden kalian tuduh tim Jokowi panik ngamuk sekarang giliran Prabowo kalian bikin kampanye yg sm pendapat sy pribadi justru kalian lah yg panik yg ngamuk sendiri.","1740873765184319761","","M45Broo","in","","0","0","0","https://twitter.com/Dedy21858353/status/1740873765184319761","1488778851086135296","Dedy21858353"
"1740873360568098891","Fri Dec 29 23:12:07 +0000 2023","0","Takut sama prabowo","1740873360568098891","","","in","","0","0","0","https://twitter.com/dzulfikaralrfq/status/1740873360568098891","2818229282","dzulfikaralrfq"
"1740686894609080774","Fri Dec 29 23:10:41 +0000 2023","0","@khairil_id @satriohendri Waaahhh...!! Melihatnya dgn kedua mata bung agar jelas Kan udah di jelaskan di artikel itu. Yg mendukung prabowo gibran ga Yg mendukung ganjar Mahmud ga Emang rezim ini hanya takut kepada kepada amin. Realita itu.","1740872998637511008","","khairil_id","in","Jakarta Capital Region","0","0","0","https://twitter.com/Aris32107466/status/1740872998637511008","1448246010761728002","Aris32107466"
"1740872928269611516","Fri Dec 29 23:10:24 +0000 2023","6","elektabilitas den bokep makin nyungsep tanda¬≤ kepanikan semakin nyata. terlihat dungu jika mrk yg elektabilitasnya terjun bebas menertawakan yg sedang memuncak to the moon makin panik dgn tagar asal bkn prabowo. jgn2 konsultan mrk fe ka es? FIX calon pecundang min. 10 thn https://t.co/ySjRJRa2nF","1740872928269611516","https://pbs.twimg.com/ext_tw_video_thumb/1740872917704159232/pu/img/wp9FmmFeStXMM4Wj.jpg","","in","Jakarta Capital Region","0","1","4","https://twitter.com/temanduit/status/1740872928269611516","1299521463150542849","temanduit"
"1740727646173204523","Fri Dec 29 23:08:39 +0000 2023","0","@riksayuda @Dennysiregar7 @islah_bahrawi @YRadianto @_riverheaven @FaGtng @sami86pilang Panik yah?? ","1740872485476909113","","riksayuda","in","","0","0","0","https://twitter.com/Dulure_Gibran/status/1740872485476909113","4319618606","Dulure_Gibran"
"1740789767808397439","Fri Dec 29 22:49:42 +0000 2023","3","@RomitsuT Cuma Anies yg berani live tik tok Prabowo Gibran mana berani. Takut gelagapan jawabin pertanyaan yg bukan setingan","1740867719501910466","","RomitsuT","in","","0","0","0","https://twitter.com/Budi83236750515/status/1740867719501910466","1676837343612002304","Budi83236750515"
"1740609849048907890","Fri Dec 29 22:47:18 +0000 2023","5","@Hasbil_Lbs @aniesbaswedan Cuma Anies yg berani live tik tok Prabowo Gibran mana berani live tik tok takut gelagapan jawabin pertanyaan yg tdk setingan ! #AsalBukanPrabowo","1740867114540597650","","Hasbil_Lbs","in","","0","0","0","https://twitter.com/Budi83236750515/status/1740867114540597650","1676837343612002304","Budi83236750515"
"1740581340335206726","Fri Dec 29 22:42:20 +0000 2023","0","@99propaganda gak usah dijelaskan....BIARKAN ABAIKAN...SUDAH TABIAT SPT ITU....ngapain buang2 tenaga penting 2024 rakyat memilih prabowo menang selesai...KUBU TAKUT KALAH KAN APAPUN AKAN DILAKUKAN...GK GENDENG SJ UNTUNG KOK","1740865866064183329","","99propaganda","in","","0","0","0","https://twitter.com/endelz5/status/1740865866064183329","1574280178754211841","endelz5"
"1740191639703048549","Fri Dec 29 22:23:58 +0000 2023","0","@Omnya_Gibran @bawaslu_RI Bawaslu takut pak Lurah","1740861243966279910","","Omnya_Gibran","in","ŸÖŸÉÿ© ÿßŸÑŸÖŸÉÿ±ŸÖÿ©, ÿßŸÑŸÖŸÖŸÑŸÉÿ© ÿßŸÑÿπÿ±ÿ®Ÿäÿ© ÿß","0","0","0","https://twitter.com/m_yanto_bae/status/1740861243966279910","3167189054","m_yanto_bae"
"1740766690768769405","Fri Dec 29 22:23:49 +0000 2023","0","@RomitsuT Ciri khas Prabowo dan kader Gerindra kalo ditanya wartawan malah balik nanya dari media apa? Ngeri gak tuh ","1740861205726765111","","RomitsuT","in","","0","0","0","https://twitter.com/JurdilNdasMu/status/1740861205726765111","1265730033328386048","JurdilNdasMu"
"1740728988593741978","Fri Dec 29 22:22:41 +0000 2023","0","@adiiprnmo kalau prabowo dg masa lalu bikin org cemas okelah tapi apa bahayanya ganjar dan mahfud md? haha","1740860918794510710","","adiiprnmo","in","Kota Payakumbuh","0","0","0","https://twitter.com/kmendaen/status/1740860918794510710","1220005315346743301","kmendaen"
"1740660794197741971","Fri Dec 29 22:15:45 +0000 2023","8","@Didiksusilo80 @gibran_tweet WKWKWKWK TAKUT ANAK SEKOLAHNYA KELIATAN LEBIH HEBAT YA ","1740859175323029867","","Didiksusilo80","in","","0","0","0","https://twitter.com/rrappuh/status/1740859175323029867","1472139590530060292","rrappuh"
"1740858005221212289","Fri Dec 29 22:14:41 +0000 2023","3","@veraagustian_ Saya percaya berita ini.... dan jangan takut dengan Prabowo Jokowi atau si Gibran sekalipun mereka bukan pemilik Republik Ini Pemilik REPUBLIK ini adalah RAKYAT INDONESIA","1740858907139231918","","veraagustian_","in","West Java, Indonesia","1","0","2","https://twitter.com/Apirawa80/status/1740858907139231918","1640897669118959617","Apirawa80"
"1740850068926988304","Fri Dec 29 21:39:34 +0000 2023","0"," duh aku takut banget liat pidatonya pak prabowo boleh ngungsi di kosan kamu gak? ","1740850068926988304","","","in","Bandung, Jawa Barat","0","0","0","https://twitter.com/firouzdhy/status/1740850068926988304","746452489","firouzdhy"
"1740844137413505450","Fri Dec 29 21:16:00 +0000 2023","0","takut banget kalo prabowo jadi presiden","1740844137413505450","","","in","","0","0","0","https://twitter.com/jjjunko__/status/1740844137413505450","1053694005844692992","jjjunko__"
"1740526392759185463","Fri Dec 29 21:15:25 +0000 2023","0","@narkosun Knp hrs ngeri. Kalaupun 2 putaran @prabowo - @gibran_tweet tetap akan menjadi pemenangnya.. Sebaliknya yg PANIK itu 01 &amp; 03 krn kalian msh hrs berlomba keras untuk menjadi runner up nya.. https://t.co/0ApXnPanv5","1740843992059871723","https://pbs.twimg.com/media/GCi4YcvaQAAxccZ.jpg","narkosun","in","127.0.0.1","0","0","0","https://twitter.com/Nightingaler02/status/1740843992059871723","1603695556379148288","Nightingaler02"
"1740738753029943379","Fri Dec 29 21:02:26 +0000 2023","14","@nenggsyifa Ga kebayang prabowo ke pilih rakyat ngomong dikit ilang langsung besok nya. ngeri","1740840722528641086","","nenggsyifa","in","","0","0","0","https://twitter.com/cozyaltruis/status/1740840722528641086","2947363027","cozyaltruis"
"1740648503691583590","Fri Dec 29 20:58:47 +0000 2023","0","@Kenikir27 Mulai panik Katanya menang satu putaran Kok mainnya kasar gitu Norak Pantes setiap nyapres Prabowo SELALU MENANG IS","1740839803346952229","","Kenikir27","in","Banten, Indonesia","0","0","0","https://twitter.com/Maroef21/status/1740839803346952229","762232731426185216","Maroef21"
"1740576021072724373","Fri Dec 29 20:54:11 +0000 2023","0","@Resty_J_Cayah @prabowo NGERI KALIHH....","1740838647820411086","","Resty_J_Cayah","in","","0","0","0","https://twitter.com/Albihasqi7610/status/1740838647820411086","1698532264811081728","Albihasqi7610"
"1740660794197741971","Fri Dec 29 20:53:16 +0000 2023","1","@gibran_tweet Udah diundang sama @akbarfaizal68 di Akbar Faizal Uncensored kenapa gak dateng? Malu atau takut bozzz","1740838417460781458","","gibran_tweet","in","Indonesia","0","0","0","https://twitter.com/B3ngb3nk/status/1740838417460781458","962626542453981184","B3ngb3nk"
"1740660794197741971","Fri Dec 29 20:19:24 +0000 2023","1","@gibran_tweet Gua lebih setuju mas gibran debat sama bapak nya krn lebih se level.. Tapi takut ntar mas gibran jadi chef lagi abis kanan kirinya dimasak..Ô∏è","1740829892890288439","","gibran_tweet","in","","0","0","0","https://twitter.com/ayumnabianca19/status/1740829892890288439","1738338832746196992","ayumnabianca19"
"1740520549615583319","Fri Dec 29 20:12:11 +0000 2023","0","@tempodotco ngeri amat sih pak wowo","1740828078576984096","","tempodotco","in","","0","0","0","https://twitter.com/5Bustomi/status/1740828078576984096","1723699808656097280","5Bustomi"
"1740520549615583319","Fri Dec 29 20:11:52 +0000 2023","0","@tempodotco waduh pak wowo ngeri","1740828000227328351","","tempodotco","in","","0","0","0","https://twitter.com/nitasero/status/1740828000227328351","1723701323101843456","nitasero"
"1740716616634257448","Fri Dec 29 19:53:07 +0000 2023","0","@Yurissa_Samosir @AdamVelcro @AdeDhani9 @AkalSehat2024 @aking_adit @chaidar_2000 @Kang_Toniee @NohCeukenohhh @choymarkochoy @RidNgemil Keren! Anies gak takut sejengkalpun. Bahkan si Wowo aja dibantai dalam debat sehingga si Wowo makin kalap. ","1740823277730500610","","Yurissa_Samosir","in","","0","0","0","https://twitter.com/jackroz627867/status/1740823277730500610","1685793457384951808","jackroz627867"
"1740606504905081186","Fri Dec 29 19:38:15 +0000 2023","0","@MadridKak @erasmus70 @TheLawlessX @zarryhendrik Ke mobil pak prabowo aja takut apalagi ke kucing","1740819537376030786","","MadridKak","in","Konoha","0","0","0","https://twitter.com/adolphmatherss/status/1740819537376030786","941219780509364225","adolphmatherss"
"1740816897011335188","Fri Dec 29 19:27:45 +0000 2023","0","Katanya gemoy...ternyata tukang ancam @prabowo. Hati2 @KompasTV @kompascom @tvOneNews @VIVAcoid @tempodotco @korantempo @Metro_TV @kikysaputrii @Arie_Kriting @ekowboy2 @Mdy_Asmara1701","1740816897011335188","","","in","Tjilatjap","0","0","0","https://twitter.com/WongCilacap99/status/1740816897011335188","1597965264250773504","WongCilacap99"
"1740660794197741971","Fri Dec 29 19:17:35 +0000 2023","1","@gibran_tweet Debat pertanyaan ny bebas bran TDK boleh ada phak yg mengkoordinir netral prtnyaan harus dr oposisi BKN apa2 takut klu dr phak lu bisa lu setting LG Krn rekam jejak lu TDK menyakinkn","1740814337932161243","","gibran_tweet","in","","0","2","0","https://twitter.com/MMedialurus/status/1740814337932161243","1523527585665552385","MMedialurus"
"1740612231648469078","Fri Dec 29 19:14:35 +0000 2023","1","@Kh74787180Abdul @BosPurwa Mrka GK takut SM Allah Bg mrka LBH takut KPD @prabowo btul kn @gusmiftah","1740813582613569961","","Kh74787180Abdul","in","","0","1","0","https://twitter.com/MMedialurus/status/1740813582613569961","1523527585665552385","MMedialurus"
"1740812600424927722","Fri Dec 29 19:10:41 +0000 2023","0","Panik @narkosun buzzer miskin ide. Makanya post yang positif2 dari mas @ganjarpranowo nah kalau model gini. Yang terjadi @prabowo @gibran_tweet #1putaran #PrabowoGibran2024 https://t.co/jqmDr1fNAF","1740812600424927722","https://pbs.twimg.com/ext_tw_video_thumb/1740812582775341056/pu/img/P5o6ygKA67wUU4sv.jpg","","in","Indonesia dan Sekitarnya","0","0","0","https://twitter.com/PunakawanElJawi/status/1740812600424927722","3146400121","PunakawanElJawi"
"1740728988593741978","Fri Dec 29 18:35:18 +0000 2023","0","@adiiprnmo Sama mas mau nggak mau pilihannya cuma anies kalau pilih prabowo sumpah ni orang nakutin bangat emosional dan tempramental kalau pilih ganjar gue takut sama partainya sudah cukup 10 tahun","1740803696613814488","","adiiprnmo","in","","0","0","0","https://twitter.com/SanjayaLat11737/status/1740803696613814488","1719360823586594816","SanjayaLat11737"
"1740800736689377323","Fri Dec 29 18:23:32 +0000 2023","0","Ngeri banget klo @prabowo jd presiden kebebasan pers akan terancam.. @detikcom @kompascom @Metro_TV @officialinews_ @liputan6dotcom bakalan dihabisi klo suka ngritik kelompok mrk https://t.co/rJX64IwdOi","1740800736689377323","https://pbs.twimg.com/ext_tw_video_thumb/1740800679831334912/pu/img/Fp4KzARTauGVfz41.jpg","","in","","0","0","0","https://twitter.com/permadiaktifis/status/1740800736689377323","1050019974025113600","permadiaktifis"
"1740800710126829835","Fri Dec 29 18:23:26 +0000 2023","0","Ngeri sih yaa asal bukan Prabowo dah","1740800710126829835","","","in","Di ambang mimpi depok","0","0","0","https://twitter.com/ajibams/status/1740800710126829835","65518011","ajibams"
"1740797185208594862","Fri Dec 29 18:09:26 +0000 2023","0","Makin ngeri aja negeri ini Aturan ditabrak demi syahwat berkuasa Jadi makin mantap &gt; Asal Bukan Prabowo #AsalBukanPrabowo #AsalBukan02 #AsalBukanGibran","1740797185208594862","","","in","Semarang, Jawa Tengah","0","0","0","https://twitter.com/phiral_net/status/1740797185208594862","1609916166621003776","phiral_net"
"1740796025194107209","Fri Dec 29 18:04:49 +0000 2023","0","Apa ini mau reframing kalau bapaknya tidak cawe-2 anaknya lolos aturan dan maju Cawapres 02? Bahlil Ungkap Airlangga Ancam Hengkang dari Koalisi Prabowo bila Erick Cawapres https://t.co/xQL7r8HMgX Install aplikasi kumparan baca lebih nyaman tanpa iklan https://t.co/pzb0CVicjL","1740796025194107209","","","in","","0","0","0","https://twitter.com/Gama95770/status/1740796025194107209","1726089342752628736","Gama95770"
"1740792931496403374","Fri Dec 29 17:52:31 +0000 2023","0","KPU Buat Aturan Baru Debat Capres-Cawapres Gibran Takut Kena Balasan? https://t.co/XbsijJxBVu","1740792931496403374","","","in","","0","0","0","https://twitter.com/RepelitaO/status/1740792931496403374","1225432911899324419","RepelitaO"
"1740646095745871877","Fri Dec 29 17:49:20 +0000 2023","0","@mihrabku @prabowo Takut setelah hadir malah ga bisa pulang mas. ","1740792130145222954","","mihrabku","in","Indonesia","0","0","0","https://twitter.com/jajatplus/status/1740792130145222954","859416461009330177","jajatplus"
"1731230475858084074","Fri Dec 29 17:43:23 +0000 2023","1","@zy_zy_its_me @jokowi @adri_7i @mas_veel @xquitavee @Rocky_Antonie @AndriDesvi10785 @prabowo @gibran_tweet Di kagumi darimana nya rezim inilah yg paling bobrok gak malu takut turun malah dorong anaknya maju cawapres ketololan yg hakiki","1740790630195073381","","zy_zy_its_me","in","","0","1","0","https://twitter.com/DgSija10/status/1740790630195073381","1344166196543832064","DgSija10"
"1740789615555190837","Fri Dec 29 17:39:21 +0000 2023","0","https://t.co/V38Phsu7Bz Ini ada apa dengan capres nomor 1 anis-cak imin disertai ancaman buat negara Parah ini udh omdo banyak cakap tapi tak berbobot Gimana @KPU_ID @Puspen_TNI @Kemhan_RI @jokowi @prabowo @gibran_tweet ayo tangkap ini udh seperti terorisme ancam negara","1740789615555190837","","","in","","0","0","0","https://twitter.com/asipokiluper/status/1740789615555190837","1632735627794952192","asipokiluper"
"1740663538954441106","Fri Dec 29 17:35:28 +0000 2023","0","@bengkeldodo @gibran_tweet Yg dngernnya pda diem kyk ktakutan . Takut dilaporn ke mk kyknya HAHAHA...","1740788639033090392","","bengkeldodo","in","","0","0","0","https://twitter.com/jonnwick15/status/1740788639033090392","1336082032569413634","jonnwick15"
"1740744924411412533","Fri Dec 29 17:28:05 +0000 2023","0","@Louis_chantika Bukan ketakutan kalah tapi takut partainya ngk masuk Senayan makanya suaranya kenceng siapa tau klo ngk bisa masuk Senayan trus Prabowo menang bisa jadi menteri. Minimal komisaris lah ","1740786782176981180","","Louis_chantika","in","","0","0","0","https://twitter.com/jokogendeng81/status/1740786782176981180","905993456723492865","jokogendeng81"
"1740719558863004135","Fri Dec 29 17:26:28 +0000 2023","0","@Heraloebss Terdesak beneran itu kalo Prabowo yg datang diteriakin Anies apa Ganjar mah takut darah tinggi kumat Kalo gini doang Anies ga bakal baper ","1740786375711138195","","Heraloebss","in","","0","0","0","https://twitter.com/thePRnote/status/1740786375711138195","72171712","thePRnote"
"1740663538954441106","Fri Dec 29 17:25:30 +0000 2023","0","@bengkeldodo @gibran_tweet setau gw akun @gibran_tweet punya ketum partai PSI terdongo...garing gelisah... ga ada otaknya","1740786129337807303","","bengkeldodo","in","Indonesia ","0","0","0","https://twitter.com/nasrullahkamal7/status/1740786129337807303","1580970518919794693","nasrullahkamal7"
"1740427906554490989","Fri Dec 29 17:20:45 +0000 2023","0","@zarryhendrik @_BangFu @_haye_ Tinggal datng om. Gak usah sok penting2 segala.. klu lu masih takut brrti indonesia sedang tidak aman dibawah pemerintah jokowi dan menhan prabowo.. kwwkkw","1740784936540672132","","zarryhendrik","in","Maluku Utara, Indonesia","0","0","0","https://twitter.com/Sabalaka9/status/1740784936540672132","1504821001326329859","Sabalaka9"
"1740784769401827783","Fri Dec 29 17:20:05 +0000 2023","5","Video lama yang bikin Prabowo dan pendukungnya panik karena terbongkar karakter asli suka marah-marah dan ngancam pada media #asalbukanprabowogibran","1740784769401827783","","","in","Indonesia","0","0","1","https://twitter.com/m_nurfatoni/status/1740784769401827783","35680707","m_nurfatoni"
"1740644631443014137","Fri Dec 29 17:18:00 +0000 2023","0","@Fahrihamzah Pak Prabowo @prabowo anda panik ya? Wkwkwk...menggandeng Gibran @gibran_tweet itu tidak akan punya efek apa2 pada elektabilitas anda yang akan terus turun sampai angka 35% sedangkan elektabilitas AMIN @aniesbaswedan @cakimiNOW akan terus naik sampai 60%. Aamiin begitu dek Fahri.","1740784241494069303","","Fahrihamzah","in","Indonesia","0","0","0","https://twitter.com/pengusahatanggu/status/1740784241494069303","86900207","pengusahatanggu"
"1740043968254263676","Fri Dec 29 17:12:43 +0000 2023","0","@GirlBieberJ @jokowi @prabowo @gibran_tweet @Gerindra @golkar_id @PDemokrat @Official_PAN @psi_id @anto_dm @putri_adinda_ @RianSap71792878 Faktanya hasil survei paling akhir berapa persen untuk pasangan nomer 02? Megap2 kan? Makanya Jokowi and The geng pada panik ","1740782913426505763","","GirlBieberJ","in","","0","0","0","https://twitter.com/AgusHamra/status/1740782913426505763","1302206940089647104","AgusHamra"
"1740595532652044671","Fri Dec 29 17:11:06 +0000 2023","0","@nongandah Wkwkww.. mau dukung capres tertentu.. berdalih demokrasi.. emang gibran terpilih nanti gak pake demokrasi.. takut kalah gak perlu juga memberhalakan demokrasi ","1740782508755783999","","nongandah","in","Kuta , Indonesia","0","0","0","https://twitter.com/btara_ja/status/1740782508755783999","633106638","btara_ja"
"1740774448742158823","Fri Dec 29 17:09:01 +0000 2023","0","@tempodotco Mungkin prabowo takut banyak klipnya yg dulu muncul lg krn gak ramah dengan pers Mata mereka (Media) mungkin ada di dengkul mereka itu https://t.co/9JgO17HqYC","1740781980898447399","https://pbs.twimg.com/ext_tw_video_thumb/1740781941522378752/pu/img/AFkwPr7zN58fzFU1.jpg","tempodotco","in","","0","0","0","https://twitter.com/tama39362444/status/1740781980898447399","1175638113604919296","tama39362444"
"1740696028301652285","Fri Dec 29 17:07:40 +0000 2023","0","@Munir_Timur Ngeri juga ada data seperti ini Mas #Pilpres #Prabowo @AJIIndonesia @AJI_JAKARTA #Jurnalis https://t.co/ey3cvEZ56l","1740781642669826558","https://pbs.twimg.com/media/GCh_rQhbcAApZd7.jpg","Munir_Timur","in","Jakarta Capital Region","0","0","0","https://twitter.com/Ami2457/status/1740781642669826558","1477667251759169540","Ami2457"
"1740696028301652285","Fri Dec 29 17:07:14 +0000 2023","0","@Munir_Timur Salah satu tanda2 stress berat... Gw khawatir doi stroke lg.... ! Halo dek @gibran_tweet hati2 aja ya dek... Jgn smape kena gampar... ","1740781533395648823","","Munir_Timur","in","Gang Istana","0","0","0","https://twitter.com/Pengabdi99/status/1740781533395648823","97328251","Pengabdi99"
"1740738163310838223","Fri Dec 29 17:05:20 +0000 2023","0","@Dadssuu Lah yg panik siapa gue mah g panik gue mah justru ngakak dulu tu orang ngatain prabowo skrng malah jd pendukungnya semua demi Uang kalau gue mah cuman rakyat yg g mau prabowo jadi simpel konsisten menolak prabowo aja gue mah","1740781053919506581","","Dadssuu","in","Bojong kenyot","0","1","0","https://twitter.com/Delisa_Lockey/status/1740781053919506581","1268923442536910848","Delisa_Lockey"
"1740780844917371013","Fri Dec 29 17:04:30 +0000 2023","0","Blm apa2 aku udah takut dg masa depan Indonesia di tangan Prabowo #AsalBukanPrabowo","1740780844917371013","","","in","","0","0","0","https://twitter.com/Spc789/status/1740780844917371013","1430625057735274499","Spc789"
"1740223686773469645","Fri Dec 29 17:04:17 +0000 2023","0","@liputan6dotcom Gak salah ucap tuh pak @prabowo.. 2019 janji akan timbul danb tenggelam bersama rakyat. Eeee... Malah khianati rakyat dgn melarikan diri dari oposisi. Sebenernya pengen ngakak sih... Tpi takut kesedak blimbing sayur. https://t.co/O3KQYx9iwo","1740780792148893961","https://pbs.twimg.com/ext_tw_video_thumb/1740780677422006272/pu/img/tQH0NSOBmX9cmi3X.jpg","liputan6dotcom","in","Lubuk Basung","0","0","0","https://twitter.com/Marlon_Proza/status/1740780792148893961","2408448070","Marlon_Proza"
"1740708617773564230","Fri Dec 29 16:58:18 +0000 2023","0","@unilubis Mungkin prabowo takut blundernya yg dulu muncul lg yang gak ramah dengan pers Mata mereka (Media) mungkin ada di dengkul mereka itu https://t.co/qCdOy8NZu1","1740779284179161226","https://pbs.twimg.com/ext_tw_video_thumb/1740778328670470144/pu/img/HTnn3Q3T3NKkcF1a.jpg","unilubis","in","","0","0","0","https://twitter.com/tama39362444/status/1740779284179161226","1175638113604919296","tama39362444"
"1740738753029943379","Fri Dec 29 16:53:43 +0000 2023","571","@nenggsyifa Mereka yg teriak pak prabowo gue yg takut bjir takut namanya dicatetin satu2","1740778131668206035","","nenggsyifa","in","","1","0","15","https://twitter.com/Crisctina/status/1740778131668206035","2904379412","Crisctina"
"1740738163310838223","Fri Dec 29 16:42:09 +0000 2023","0","@Delisa_Lockey Ya trus? Nyuruh nyoblos prabowonya mana pas bagi duit? Itu yg awal video yg ngajak pose malah orang lain bukan gus miftah...gus miftah dah dri awal menyatakan dukungan ke prabowo salahnya dimana? Jangan terlalu panik lah malah koe yg panik dari kemaren2. Di tl tantrum terus ","1740775220653494392","","Delisa_Lockey","in","wales, bro","0","1","0","https://twitter.com/Dadssuu/status/1740775220653494392","1316977085177450501","Dadssuu"
"1740775141498626151","Fri Dec 29 16:41:50 +0000 2023","0","Bahlil Ungkap Airlangga Ancam Hengkang dari Koalisi Prabowo Jika Sosok Ini Jadi Cawapres https://t.co/YJnP4kYlm5","1740775141498626151","","","in","","0","0","0","https://twitter.com/RepelitaO/status/1740775141498626151","1225432911899324419","RepelitaO"
"1740684916118130988","Fri Dec 29 16:35:47 +0000 2023","0","@cobeh2022 Bagaimana kalau pak wowo udh mimpin. Takut aja","1740773620098720158","","cobeh2022","in","","0","0","0","https://twitter.com/MKhaerulFikri/status/1740773620098720158","1690848201358876672","MKhaerulFikri"
"1740773339638227077","Fri Dec 29 16:34:40 +0000 2023","0","Disuruh asal bukan prabowo ehhhh.... malah loncat pager tuh Namanya jg panik.....","1740773339638227077","","","in","","0","0","0","https://twitter.com/sienchao/status/1740773339638227077","57572787","sienchao"
"1740756523247403084","Fri Dec 29 16:34:18 +0000 2023","6","@PartaiSocmed Saya jg cemas mulut mu yg tdk konsisten dulu kau benci prabowo sekarang kau jd tukang jilat sampe2 tai ny prabowo pun kau tampung di mulut mu ... itu mulut apa jamban tum ?? Saya kawatir ntr ente jd sakit kuning karena bnyk mkn tai..","1740773244821750129","","PartaiSocmed","in","","0","0","0","https://twitter.com/AntoniCleo/status/1740773244821750129","1064683284540473345","AntoniCleo"
"1740199723204755560","Fri Dec 29 16:31:31 +0000 2023","0","@PartaiSocmed Prabowo ancam-ancam media","1740772544691777770","","PartaiSocmed","in","","0","0","0","https://twitter.com/CucuHawa666/status/1740772544691777770","1538184129472172033","CucuHawa666"
"1740530420108914828","Fri Dec 29 16:29:23 +0000 2023","1","@IInayaturahmah @Haikal88651720 @bawaslu_RI @mohmahfudmd @prabowo @gibran_tweet bagus Neng jangan takut demi kebenaran justru kalau gara2 begini dilaporkan itu kesempatan membuktikan bahwa 02 tidak jauh dari rezim orba. Gus Miftah memang pendukunge Prabowo ","1740772010299736068","","IInayaturahmah","in","Pinggiran Jakarta Selatan","0","1","0","https://twitter.com/AsliLanang2/status/1740772010299736068","1548369686676783104","AsliLanang2"
"1740768005204947423","Fri Dec 29 16:27:31 +0000 2023","0","Jadi jangan pernah takut dan jangan pernah patah semangat untuk bisa mengalahlan propaganda kubu 02 lewat segala cara kotor mereka mari kita bersatu dan lawan mereka dengan tidak memilih 02 tanggal 14 Februari nanti.. Asal Bukan Prabowo..","1740771540470513823","","bambawn","in","Tangerang, Indonesia","0","0","0","https://twitter.com/bambawn/status/1740771540470513823","237080682","bambawn"
"1740385709712949551","Fri Dec 29 16:21:01 +0000 2023","0","@ruthnats Kalo gitu tolong yakinkan kami agar gak takut dibully kalo milih 01. Gimana sih program DPNol dan OkOce? Apakah sebelum dan setelah rebranding menjadi Jakhabitat dan JakPreneur targetnya sama? Bingung terang2an dukung 01. Buat pendukung Prabowo Anies tuh gak bisa kerja.","1740769902783566209","","ruthnats","in","","0","0","0","https://twitter.com/Th3Forge/status/1740769902783566209","1640812467902205963","Th3Forge"
"1740768812566450249","Fri Dec 29 16:16:41 +0000 2023","0","Takut amat siiii Prabowo jadi buzzer buzzer ini melindungi kepentingan siapa si","1740768812566450249","","","in","","0","0","0","https://twitter.com/NimrodSianipar/status/1740768812566450249","1244117818552938496","NimrodSianipar"
"1740684916118130988","Fri Dec 29 16:13:22 +0000 2023","0","@cobeh2022 sampai Qiamat aku haramkan diri ku memilih capres kayak gini main ancam segala ingat kau sudah tua wowo.kami butuh GANJAR MAHFUD bukan kayak sampean wowo","1740767979179229523","","cobeh2022","in","","0","1","0","https://twitter.com/telagapaku/status/1740767979179229523","1597963524269309952","telagapaku"
"1740734002976420101","Fri Dec 29 16:08:48 +0000 2023","1","@mama_ciaa @PolJokesID Pertanyaan panik ya pak? Itu buat prabowo kan ya?","1740766827842809957","","mama_ciaa","in","","0","0","1","https://twitter.com/alirass0/status/1740766827842809957","1241900230418694146","alirass0"
"1740696028301652285","Fri Dec 29 16:06:05 +0000 2023","0","@Munir_Timur MAKK TAKUT ADA PRABOWO ","1740766146973065605","","Munir_Timur","in","","0","0","0","https://twitter.com/freakinmouthh/status/1740766146973065605","1265012363599605762","freakinmouthh"
"1740672260703490329","Fri Dec 29 16:05:29 +0000 2023","0","@M45Broo Pada takut klo prabowo jadi presiden Kayak syetan kejang lihat alquran","1740765993629298866","","M45Broo_","in","kerak bumi","0","0","0","https://twitter.com/Wongndusun2/status/1740765993629298866","1545246671365619714","Wongndusun2"
"1740689875928826107","Fri Dec 29 16:04:44 +0000 2023","0","@NenkMonica Wow entar di Culik seperti kasus 98 .... Jngn takut wahai para media ... Ini manusia pembunuh darah dingin ..jngn sampai menang jd presiden biar tdk semakin rusak negara ini ..@prabowo @gibran_tweet @prabowogibran02","1740765803304440130","","NenkMonica","in","","0","0","0","https://twitter.com/AkhirZaman2023/status/1740765803304440130","1618186100560007168","AkhirZaman2023"
"1740348704098529752","Fri Dec 29 15:59:51 +0000 2023","0","@RcyberProj0 @gibran_tweet @prabowo @Projo_Pusat @handoko2411 @budimuni98 @FALDA81 Ngeri kali survainya...masyarakat bodo apa d'bodo-bodohin yah...tidur kau jng terlalu miring....","1740764576051052850","","RcyberProj0","in","","0","0","0","https://twitter.com/AzaKontrol/status/1740764576051052850","1288537017144369152","AzaKontrol"
"1740753904504361404","Fri Dec 29 15:56:07 +0000 2023","0","@isma_ismadi @PartaiSocmed Gak berani klo teriakin Paslon lain didepan Prabowo takut kena culik","1740763638443753801","","isma_ismadi","in","","0","0","0","https://twitter.com/deruombak655839/status/1740763638443753801","1680013850597523457","deruombak655839"
"1740320854179991615","Fri Dec 29 15:53:37 +0000 2023","0","@MurtadhaOne1 Tenang aja pak Wowo selaw takut bngt romannya warga di ambil Ganjar wkw","1740763007591010400","","MurtadhaOne1","in","","0","0","0","https://twitter.com/PiscesIces/status/1740763007591010400","1739656072368214016","PiscesIces"
"1740758568750768549","Fri Dec 29 15:53:31 +0000 2023","1","@HardiWinata14 @Fahrihamzah Orang ini mungkin salah 1 orang yang panik klo Wowo kalah..kasus benurnya diusut lagi.. makanya dia teriak2 gak jelas... Sorry yee... #AsalBukablnPrabowo","1740762981712162983","","HardiWinata14","in","","0","1","0","https://twitter.com/MasMadYap/status/1740762981712162983","1603923754358169604","MasMadYap"
"1740058984923738353","Fri Dec 29 15:52:03 +0000 2023","0","@BosPurwa @prabowo @jokowi NGERI memang.... melanjutkan dengan janji-janji doank wank wank....","1740762615310414071","","BosPurwa","in","","0","0","0","https://twitter.com/erriekojomin/status/1740762615310414071","3010314504","erriekojomin"
"1740427906554490989","Fri Dec 29 15:51:44 +0000 2023","1","@zarryhendrik @_BangFu @_haye_ Mending Lu minta ke Prabowo team Mawar sbg pengamanan Lu + temen... Belum apa apa dah curigaan emang kalo Lu datang dan nanya macem2 trus pas pulang bakal digebukin?? .. Kalo Lu orang beragama bener perlindungan Lu dari TUHAN gak usah takut","1740762535069196388","","zarryhendrik","in","","0","0","0","https://twitter.com/mbahbinong/status/1740762535069196388","1603553485408309249","mbahbinong"
"1740731689155047904","Fri Dec 29 15:50:08 +0000 2023","0","@akf245 @Dennysiregar7 @gibran_tweet Se ngeri itu ya jokowi.","1740762129958084957","","akf245","in","Wonosobo, Jawa Tengah","0","0","0","https://twitter.com/KTum202336718/status/1740762129958084957","1646924690764754945","KTum202336718"
"1740320854179991615","Fri Dec 29 15:49:53 +0000 2023","0","@MurtadhaOne1 Kalo pak Prabowo yg Dateng ngeri ngeri sedap sih ini wkwkw","1740762068159173082","","MurtadhaOne1","in","","0","0","0","https://twitter.com/AquaCair/status/1740762068159173082","1737576587930071040","AquaCair"
"1740727060828737861","Fri Dec 29 15:47:11 +0000 2023","0","@YRadianto Dulu jaman pandemi kita takut joKowi kena virus corona . 3hh skrg malah lebih parah kena virusnya prabowo....","1740761387822149903","","YRadianto","in","jakarta","0","0","0","https://twitter.com/dioaje/status/1740761387822149903","249596235","dioaje"
"1740696972326244376","Fri Dec 29 15:46:36 +0000 2023","0","@ajengcute16__ Cieeeee yang modal bantuan Tukang Survey panik .karena misinya cuma ngandelin Survey opa Wowo #AsalBukanPrabowo","1740761241080234293","","ajengcute16__","in","Indonesia","0","0","0","https://twitter.com/DiwandaD/status/1740761241080234293","1645463649329508353","DiwandaD"
"1740761199023956154","Fri Dec 29 15:46:26 +0000 2023","0","Sudah jelas sekali gmn gambaran jika prabowo menang mungkin akan lebih ngeri dr jaman orba. Belum jd saja sdh ngancem2 gitu.... Masih mau milih dia? Aku mah ogah!!!","1740761199023956154","","","in","","0","0","0","https://twitter.com/Ascan155885/status/1740761199023956154","1717151882110791680","Ascan155885"
"1740630107163971628","Fri Dec 29 15:46:18 +0000 2023","1","@dillah_gruvy kira2 klo pendukung Anies yg begitu didepan prabowo gmn ya.... mgkn akan kena teror... ngeri...","1740761166933311509","","dillah_gruvy","in","","0","0","0","https://twitter.com/Larantasaka/status/1740761166933311509","277812871","Larantasaka"
"1740728988593741978","Fri Dec 29 15:46:07 +0000 2023","49","@ishizaki_fpl @adiiprnmo Walaupun 2019 jujur gua takut kl milih prabowo. Sorry gua swing voters nih ya tapi pak prabowo kan dari militer takutnya negeri ini back to Orde Baru. Karna watak agak susah di rubah","1740761122075238839","","ishizaki_fpl","in","","0","1","0","https://twitter.com/RefoArtha/status/1740761122075238839","1726629734166228992","RefoArtha"
"1740615637872075199","Fri Dec 29 15:37:56 +0000 2023","0","@ryorossi4689 @benkuswardhana @adearmando61 @Abaaah @ajengcute16__ Ga panik ... cuma ketaker aja besaran akal dan otaknya yg teriak2 prabowo ","1740759060172161506","","ryorossi4689","in","Memphis, TN","0","0","0","https://twitter.com/vanschips/status/1740759060172161506","701426066","vanschips"
"1740580681254883537","Fri Dec 29 15:36:54 +0000 2023","6","@yosephrosario_ @Royan_02 @JordanMihaf @99propaganda @KhoirilAnwar_ @are_inismyname @Ndons_Back @BANGSAygSUJUD @mimih6mei @bengkeldodo @Alie_Fahnoor Wkwkwkk...pemilih Wowo sudah habis...yg 2019 kemarin SDH pada kapok...pindah haluan..paling yg setia cuma Gerindra... Gmn cerita dapat 46%? Tiap hari main surepay2 tandanya sudah panik...","1740758801119424777","","yosephrosario_","in","","0","1","1","https://twitter.com/MasMadYap/status/1740758801119424777","1603923754358169604","MasMadYap"
"1740631896772731118","Fri Dec 29 15:32:38 +0000 2023","0","@kurawa Oh brarti memang seperti ini ya pendukung pak prabowo? sangat intimidatif dan itu terang2an (andaikan dia menyadari) Ya sudah lah cuma bisa pasrah saja kalau nanti benar2 mayoritas warga memilih beliau Sudah mulai terasa agak ngeri","1740757725527822597","","kurawa","in","Jakarta Capital Region","0","0","0","https://twitter.com/silumanbebek/status/1740757725527822597","137951859","silumanbebek"
"1740660794197741971","Fri Dec 29 15:30:27 +0000 2023","2","@gibran_tweet Njir ngeri di scroll dicari yg bisa ngasih efek savage","1740757177105895676","","gibran_tweet","in","","0","0","0","https://twitter.com/RizqyAlfaridjie/status/1740757177105895676","1416779500755378176","RizqyAlfaridjie"
"1740756880686018734","Fri Dec 29 15:29:16 +0000 2023","0","Ngeri banget ya. Media aja diancam bagaimana dngn kita yg cuma rakyat jelata? Apa pendukungnya tdk mampu melihat betapa keras dan otoriternya Prabowo? Para diktator awalnya menawan dan klo pidato ber-api2 membawa nama rakyat. Tapi ketika sdh berkuasa lngsng berubah otoriter.","1740756880686018734","","","in","üáÆüá©","0","0","0","https://twitter.com/Fr4nst/status/1740756880686018734","720655727816105984","Fr4nst"
"1740680872893001885","Fri Dec 29 15:27:40 +0000 2023","0","@peter_hari Takut banget yaa Pak @aniesbaswedan &amp; Pak @ganjarpranowo kalah sm Pak @prabowo ?? Kok sampe segini nya Saya saran untuk Pak Anies dan Pak Ganjar klo nanti menang Pilpres coba kasih Pak Prabowo hukuman karena kejadian tahun 98 biar tidak jd gorengan politik terus.. ","1740756476162138309","","peter_hari","in","","0","0","0","https://twitter.com/FindingNemo1908/status/1740756476162138309","1235952502182277121","FindingNemo1908"
"1740749086461182020","Fri Dec 29 15:27:34 +0000 2023","1","@AirinDatangLagi @ganjarpranowo Takut lapar pak klau gak dkung prabowo gak dpt jabatan padahal Tuhan lah kekuasaan tertinggi","1740756451952632223","","AirinDatangLagi","in","Taiwan","0","0","0","https://twitter.com/MLembah/status/1740756451952632223","1417804160","MLembah"
"1740755876578054250","Fri Dec 29 15:25:17 +0000 2023","0","Ga takut tuh Prabowo salah pilih cawapres kali ya @Akela_663 https://t.co/NJc4KokOu7","1740755876578054250","","","in","Gorontalo","0","0","0","https://twitter.com/helendavitaa/status/1740755876578054250","1690230968211361793","helendavitaa"
"1740754496924668205","Fri Dec 29 15:19:48 +0000 2023","0","Gibran belajar pidato di mana ya? Cawapresnya aja contekan ngeri nih paslon 02 @4348Dwi https://t.co/c35sNr6OL1","1740754496924668205","","","in","Jakarta Barat, Indonesia","0","0","0","https://twitter.com/novalsaputrrra/status/1740754496924668205","1686698651236945920","novalsaputrrra"
"1740753804516295125","Fri Dec 29 15:17:03 +0000 2023","2078","Lambe Waras: Gara Gara Desak Anies Kubu Prabowo Tak Berani Kampanye Sambil Joged Joged Lagi Karena Takut Dibilang Rakyat Engga Ada Otaknya/Gagasannya.","1740753804516295125","","","in","Bima Sakti, Bumi, Indonesia","6","50","721","https://twitter.com/abu_waras/status/1740753804516295125","2905814730","abu_waras"
"1740152098745110816","Fri Dec 29 15:17:00 +0000 2023","1","@tempodotco JADI BEGINI bawaslu takut prabowo DASAE YAAAbawaslu tidak netral LANGSUNG DEH bawaslu menangkan prabowo gibran","1740753794164728319","","tempodotco","in","","0","0","0","https://twitter.com/RatuJeje63365/status/1740753794164728319","1716498199773609984","RatuJeje63365"
"1740696028301652285","Fri Dec 29 15:15:57 +0000 2023","0","@Munir_Timur video kapan? kalo video lama ga usah cemas mas prabowo udah ga dikompor2in orang-orang yang dukung anies sekarang sudah banyak berubah sejak masuk kabinet dan paham semua bekerja demi rakyat. sampeyan malah nyebar fitnah yg efeknya orang kayak jokowi lagi berkuasa","1740753527721570390","","Munir_Timur","in","kamarkecil","0","0","0","https://twitter.com/meipri/status/1740753527721570390","169355483","meipri"
"1740753158820028691","Fri Dec 29 15:14:29 +0000 2023","0","panik betul wowo https://t.co/wYY0CwAkvJ","1740753158820028691","https://pbs.twimg.com/media/GChltJ-agAAnr-Z.jpg","","in","","0","0","0","https://twitter.com/aquaeror/status/1740753158820028691","1538866765978951681","aquaeror"
"1740752871535370305","Fri Dec 29 15:13:20 +0000 2023","0","Gibran itu ya kayak 'Ctrl+C Ctrl+V' walking-talking edition ngeri banget ide aslinya ke mana @amilsaja https://t.co/T368CjCxBi","1740752871535370305","","","in","Tegal","0","0","0","https://twitter.com/danangwastooo/status/1740752871535370305","1683331318250352640","danangwastooo"
"1740696028301652285","Fri Dec 29 15:07:05 +0000 2023","0","@Munir_Timur Pa prabowo mending joget ga si daripada ngomong aku jd ketar ketir ","1740751298126139504","","Munir_Timur","in","","0","0","0","https://twitter.com/riyuteu/status/1740751298126139504","1036133233124028416","riyuteu"
"1740749944468955638","Fri Dec 29 15:06:04 +0000 2023","1","@Maruahalsiahaa2 Pilpres mustahil 1 putaran. Makanya mulai digiring opini putaran 2 prabowo vs anis krn mereka takut lawan ganjar.. Mainanmu lemah.. Buzer bahlul bandar rugi..","1740751040633520183","","Maruahalsiahaa2","in","","0","1","0","https://twitter.com/AzwarEko/status/1740751040633520183","336989942","AzwarEko"
"1731462592714219981","Fri Dec 29 14:58:35 +0000 2023","154","@yudy8000 @tvOneNews Pendukung 01 kebanyakan kaum tolol ga sih udh gitu buzzer Otaknya taro dimana yah sampe nyerang pribadi kek gibran aja punya slaah sama lu pada yg nyerang goblok dijumpai malah planga plongo kayak cak imin buat apa lu pada sampe ngancam Orng lu ga takut dosa kah bego??","1740749159031050326","","yudy8000","in","","1","8","7","https://twitter.com/MrsMrbn/status/1740749159031050326","1441474402135076864","MrsMrbn"
"1740615637872075199","Fri Dec 29 14:57:16 +0000 2023","2","@ryorossi4689 @benkuswardhana @adearmando61 @Abaaah @ajengcute16__ Bukannya 02 yg panik katanya sudah 50% lebih kalo disurvey. Koq masih ganggu yg urutan buncit. Bloon memang pendukung Wowo.","1740748825944600707","","ryorossi4689","in","","0","0","0","https://twitter.com/izzieanak2/status/1740748825944600707","1425127253503975426","izzieanak2"
"1740748522167902501","Fri Dec 29 14:56:03 +0000 2023","0","Kalau Gibran Paspampres mungkin kita harus khawatir @jaissiaj https://t.co/8gY1Bx5LVb","1740748522167902501","","","in","BATU","0","0","0","https://twitter.com/rozakalfiansyah/status/1740748522167902501","1696451578813988864","rozakalfiansyah"
"1740356929476825164","Fri Dec 29 14:54:41 +0000 2023","0","@democrazymedia ngeri banget seh kalo hidup sama pemimpib kayak gibran","1740748177287028930","","democrazymedia","in","","0","0","0","https://twitter.com/HwasaIrmala/status/1740748177287028930","1713153933894709248","HwasaIrmala"
"1740264933974212931","Fri Dec 29 14:53:47 +0000 2023","0","@genx36545403 @prabowo @gibran Calonmu presiden emang kaya..tapi ma'af udah ketuaan... Takut lagi 8bulan menjabat terus ada gangguan tetap seperti di kalender im. Jadi ma'af ye...aku pilih yg lain aja yg lebih mudaan dan progressif revolusioner ","1740747950941519915","","genx36545403","in","","0","0","0","https://twitter.com/nogoboyo/status/1740747950941519915","1459371948220170242","nogoboyo"
"1740680335543984626","Fri Dec 29 14:52:57 +0000 2023","0","@VIVAcoid Asal bukan prabowo Asal bukan prabowo Asal bukan prabowo Asal bukan prabowo Asal bukan prabowo Ya sebenarnya 02 itu di angka 3 43% LS takut di cengkiwing dan di cekik aja itu ","1740747739930214832","","VIVAcoid","in","","0","0","0","https://twitter.com/khojan_/status/1740747739930214832","2283528067","khojan_"
"1740747491266720150","Fri Dec 29 14:51:58 +0000 2023","0","Prabowo ngeri juga nih cawapres yang gak punya adab @lutfhiyez https://t.co/V2tetzKCAB","1740747491266720150","","","in","SUKABUMI","0","0","0","https://twitter.com/abdferryyyy/status/1740747491266720150","1688586508092293120","abdferryyyy"
"1740747366196781522","Fri Dec 29 14:51:28 +0000 2023","0","@jokowi mulai panik kekuasaan mulai digunakan utk menekan @dpp_papdesi inget ya yg jadi presiden nanti bukan jokowi bukan @gibran_tweet https://t.co/MQVBMHbmdu","1740747366196781522","","jokowi","in","","0","0","0","https://twitter.com/BambangSuharto/status/1740747366196781522","200145229","BambangSuharto"
"1740747303768711601","Fri Dec 29 14:51:13 +0000 2023","0","Prabowo cawapres kayak gitu bikin merinding @jeeemmmbrong https://t.co/V4LlelXai9","1740747303768711601","","","in","Bogor","0","0","0","https://twitter.com/jovitalonaaaaa/status/1740747303768711601","1684513505662353408","jovitalonaaaaa"
"1740696028301652285","Fri Dec 29 14:46:58 +0000 2023","0","@Munir_Timur Ngeri cuk... Belum apa2 pasangannya si @gibran_tweet udh ngancam2 gini. Suram bener kalao dia menang","1740746235747975600","","Munir_Timur","in","Bogor-Jakarta-Surabaya - SIN","0","0","0","https://twitter.com/ACilebut/status/1740746235747975600","1207866259515170816","ACilebut"
"1740152098745110816","Fri Dec 29 14:46:51 +0000 2023","1","@tempodotco INI bawaslu takut prabowo PANTESan bawaslu tidak netral","1740746206253629782","","tempodotco","in","","0","0","0","https://twitter.com/lestamiss/status/1740746206253629782","1716460589575557120","lestamiss"
"1740745729797435722","Fri Dec 29 14:44:58 +0000 2023","0","Prabowo cawapres pilihanmu bikin kamu ketar-ketir @ImamTho35730905 https://t.co/WYI1MbN46d","1740745729797435722","","","in","Kupang","0","0","0","https://twitter.com/YudiRahman41/status/1740745729797435722","1684510428918173696","YudiRahman41"
"1740727399506203050","Fri Dec 29 14:44:03 +0000 2023","0","@pro_gibran_ mereka takut kalah siang makanya mereka memilih jalan untuk menjatuhkan mas gibran tapi itu gabisa wkkwkw","1740745502344524272","","pro_gibran_","in","","0","0","0","https://twitter.com/nabilning/status/1740745502344524272","1691625196917321729","nabilning"
"1740530420108914828","Fri Dec 29 14:38:51 +0000 2023","3","@Haikal88651720 @IInayaturahmah @bawaslu_RI @mohmahfudmd @prabowo @gibran_tweet @DivHumas_Polri halaaahhh... pendukung penculik bi4dab ini nakut¬≤in orang elo pikir prabowo bunuh sana-sini ada takut nya... terus kenapa kita harus takut droenz https://t.co/WihdXJAxoG","1740744192710836238","","Haikal88651720","in","","0","0","1","https://twitter.com/ocongofficial/status/1740744192710836238","1652168030913433600","ocongofficial"
"1740617763805368779","Fri Dec 29 14:34:47 +0000 2023","0","@Kimberley_2024 ini mode prangowo..kalo mode prabowo ngeri ","1740743167132266909","","Kimberley_2024","in","","0","0","0","https://twitter.com/saos_putih/status/1740743167132266909","901747686","saos_putih"
"1740732195487318397","Fri Dec 29 14:34:01 +0000 2023","4","@rmol_id Apanya yg aneh ??? Biasa aja kalee...@aniesbaswedan demokratis siapa saja boleh datang walau itu pembencinya...@prabowo &amp; @ganjarpranowo berani ??? Yang takut malah rakyatnya...awokawokawok !!","1740742976345874940","","rmol_id","in","","0","1","0","https://twitter.com/AdvBudi72Gar/status/1740742976345874940","1641301418899537922","AdvBudi72Gar"
"1740741734836133896","Fri Dec 29 14:29:05 +0000 2023","0","Bahlil Ungkap Airlangga Ancam Hengkang dari Koalisi Prabowo bila Erick Cawapres https://t.co/x0QfmxCrSj","1740741734836133896","","","in","Makassar- Indonesia","0","0","0","https://twitter.com/AndyFusen/status/1740741734836133896","75956147","AndyFusen"
"1740530420108914828","Fri Dec 29 14:24:33 +0000 2023","0","@IInayaturahmah @bawaslu_RI @mohmahfudmd @prabowo @gibran_tweet @DivHumas_Polri Emang kalau situ dipenjara bakal ada yg belain situ neng baik capres elu dkk sosmed elu jangan sok keras lah beneran dipenjara gak enak cut gak usah nangtangin gak takut dipenjara kasian tar anak dan keluarga tercintaÔ∏èÔ∏è","1740740595050836069","","Haikal88651720","in","Jonggol, Indonesia","0","2","0","https://twitter.com/Haikal88651720/status/1740740595050836069","1629463625889873921","Haikal88651720"
"1740705698714103874","Fri Dec 29 14:23:04 +0000 2023","1","@WagimanDeep212_ Harus diterjemahkan dan disebarkan biar RAKYAT INDONESIA paham siapa presiden yg dipilih .. PRABOWO YA BUKAN JOKOWI gara anaknya jadi CAWAPRES nya ngeri orang kayak gini jadi presiden","1740740219471819069","","WagimanDeep212_","in","","0","0","0","https://twitter.com/gogo74070675957/status/1740740219471819069","1652284599446433793","gogo74070675957"
"1740740206788268057","Fri Dec 29 14:23:01 +0000 2023","0","Prabowo pilih cawapres kayak Gibran ngeri juga ya? @rangga050602 https://t.co/WYI1MbN46d","1740740206788268057","","","in","Kupang","0","0","0","https://twitter.com/YudiRahman41/status/1740740206788268057","1684510428918173696","YudiRahman41"
"1740740159849852985","Fri Dec 29 14:22:50 +0000 2023","0","mirip dengan gurunya letkol tirtuler @corbuzier kabarnya baru dikirim rubicoon bagi - bagi duit ala @prabowo feat @gibran_tweet ngeri dong ","1740740159849852985","","","in","","0","0","1","https://twitter.com/Penyair_Berdiri/status/1740740159849852985","1240137086331748352","Penyair_Berdiri"
"1740530420108914828","Fri Dec 29 14:22:08 +0000 2023","0","@IInayaturahmah @bawaslu_RI @mohmahfudmd @prabowo @gibran_tweet Ya Ela neng yakin nih gak takut masuk penjara kalau bacot dijaga tar kejadian bener dipenjara baru tau rasa sampean kasian anak dan keluarga situ jangan karena bela capres anak dan keluarga terlantar hati2 bicara ada setan' lewat tar kejadian ditangkap @DivHumas_Polri nyengir","1740739986817941980","","IInayaturahmah","in","Jonggol, Indonesia","2","14","0","https://twitter.com/Haikal88651720/status/1740739986817941980","1629463625889873921","Haikal88651720"
"1740666638079557925","Fri Dec 29 14:17:38 +0000 2023","21","@psi_id @RajaJuliAntoni Katanya prabowo unggul dlm survei¬≤ tp nyatanya para pendukungnya panik. https://t.co/rbrzxWpQoY","1740738854192300362","https://pbs.twimg.com/media/GChYwzOaYAAx6uy.jpg","psi_id","in","","0","2","2","https://twitter.com/n_pamuji/status/1740738854192300362","1413512167106617352","n_pamuji"
"1740738709652484254","Fri Dec 29 14:17:04 +0000 2023","0","Kata nya survey nya tinggi.. Tapi panik dgn membagikan uang.. Kata prabowo juga ambil uang nya tapi jgn pilih calon nya..","1740738709652484254","","","in","","0","0","0","https://twitter.com/puterilestari17/status/1740738709652484254","1330533892969820160","puterilestari17"
"1740738672012542188","Fri Dec 29 14:16:55 +0000 2023","0","Bahlil Ungkap Airlangga Ancam Hengkang dari Koalisi Prabowo bila Erick Cawapres https://t.co/kLzbZLovOp https://t.co/kLzbZLovOp","1740738672012542188","","","in","indonesia","0","0","0","https://twitter.com/posaktualcom/status/1740738672012542188","1636627729675337734","posaktualcom"
"1740547723013795960","Fri Dec 29 14:16:07 +0000 2023","0","@tvOneNews Haha mau ketawa takut dosa mimpi x Prabowo menang Justru amin Anies Muhaimin yg menang satu putaran","1740738470061179239","","tvOneNews","in","","0","0","0","https://twitter.com/RayenYen631769/status/1740738470061179239","1740735933761376256","RayenYen631769"
"1740555085741261043","Fri Dec 29 14:16:00 +0000 2023","0","@ujangdahmid @NanaMirzaty @maishajuly @Alie_Fahnoor @Kimberley_2024 @alicia_nature @cocolatetwo @icikiwir_08 @bengkeldodo @kurawa @daengbang06 thu surat suara yg di kirim ke taiwan sdh tercoblos gimana orang kampanye di larang ...katanya menang di survey koq panik dengan anies....asal bukan prabowo...","1740738441854558639","","KOSlM_","in","","0","0","0","https://twitter.com/kevindehai66944/status/1740738441854558639","1686238797124796416","kevindehai66944"
"1740684916118130988","Fri Dec 29 14:15:57 +0000 2023","1","@komisarisbokep @cobeh2022 @andre_rosiade @Fahrihamzah @FaldoMaldini @jansen_jsp @Dahnilanzar @prabowogibran02 @Gerindra @psi_id @gibran_tweet @kaesangp Liat dia joget aja sbg pendukung kita malu pdhal dukungan itu sdh 5th lalu kini disuguhi ancaman malu + takut.... Ternyata kelakuannya adalah Hikmah kenapa dia tdk menang...","1740738429036704101","","komisarisbokep","in","","0","0","0","https://twitter.com/zayin62384/status/1740738429036704101","1639272541918228483","zayin62384"
"1740737113065468175","Fri Dec 29 14:10:43 +0000 2023","3","Si @prabowo penakut abis buang omongan Ancam Pers abis itu kabur kaga nongol ! Parah mek","1740737113065468175","","","in","Pinggiran Betawi - Kegusur","0","0","0","https://twitter.com/NcangBeni/status/1740737113065468175","1112249626726293504","NcangBeni"
"1740736749285073033","Fri Dec 29 14:09:17 +0000 2023","0","Prabowo milih cawapres kayak gini ngeri juga @Riko_ceps https://t.co/5oc2yfF1JU","1740736749285073033","","","in","DEPOK","0","0","0","https://twitter.com/sumarnoantoo/status/1740736749285073033","1696047065506406400","sumarnoantoo"
"1740731689155047904","Fri Dec 29 14:00:36 +0000 2023","14","@Dennysiregar7 prabowo bunuh sana-sini ga pake takut cuiiiihhh...!!! https://t.co/WihdXJAxoG","1740734564451115009","","Dennysiregar7","in","","2","1","1","https://twitter.com/ocongofficial/status/1740734564451115009","1652168030913433600","ocongofficial"
"1740622239006159257","Fri Dec 29 13:56:40 +0000 2023","0","@bengkeldodo @99propaganda @BANGSAygSUJUD @Bank_Joee_ @GembiraJabar @_NusantaraLand_ @Alexemeru @alextham878 @EffendiRistriy1 @Lembayung071 @patriktatang sedekah kok bareng kampanye @bawaslu_RI jelas takut krn ada pak @jokowi apalagi pak @prabowo duitnya banyak","1740733575224537311","","bengkeldodo","in","Sidoarjo, Indonesia","0","1","0","https://twitter.com/andiebs/status/1740733575224537311","61409699","andiebs"
"1740696645355086050","Fri Dec 29 13:56:00 +0000 2023","0","@ajengcute16__ @aniesbaswedan Yakin Bisa Menang Satu Putaran. tapi Sama Anies kok Takut..Apa anda Tidak Percaya Prabowo akan Menang?","1740733409155248162","","ajengcute16__","in","Sleman","0","0","0","https://twitter.com/AkbarWasito/status/1740733409155248162","726984904680964096","AkbarWasito"
"1740667897620676740","Fri Dec 29 13:52:53 +0000 2023","0","@Fahrihamzah Kan akronim bambang.... Sensi amat lu ri... Hahahaha takut yeeee... Soriii yeee.... Si ayah wowo udah blunder lagi yeee... Makanya ngetwit kayak gni biar ayah gak viral... Hahahah","1740732624010973251","","Fahrihamzah","in","Indonesia","0","0","0","https://twitter.com/PenguasaRT/status/1740732624010973251","490297762","PenguasaRT"
"1740603409370386911","Fri Dec 29 13:52:42 +0000 2023","0","@pro_gibran_ yang digadang gadang katanya takut debat taunya malah menjadi kuda hitam yagesyaa keren","1740732578536235170","","pro_gibran_","in","","0","0","0","https://twitter.com/madodep2727/status/1740732578536235170","1709878317485330432","madodep2727"
"1740667897620676740","Fri Dec 29 13:50:59 +0000 2023","0","@Fahrihamzah Sama nama aj takut..saran buat fahri..kalo solat jangn pake amin ya..biar gk kalah prabowo nya..wkwkwkwk","1740732146606854635","","Fahrihamzah","in","","0","0","0","https://twitter.com/DidinS12964/status/1740732146606854635","1738502234286231552","DidinS12964"
"1740731897389723960","Fri Dec 29 13:50:00 +0000 2023","1","Bahlil Ungkap Airlangga Ancam Hengkang dari Koalisi Prabowo Jika Sosok Ini Jadi Cawapres https://t.co/fdcl2GkfNE","1740731897389723960","","","in","Indonesia","0","2","0","https://twitter.com/democrazymedia/status/1740731897389723960","1243804423001763841","democrazymedia"
"1740684916118130988","Fri Dec 29 13:48:14 +0000 2023","0","@cobeh2022 Ngeri kali si Wowo main ancam blom berkuasa dah kayak gini woy rakyat melek saudara ku","1740731455813398930","","cobeh2022","in","","0","0","0","https://twitter.com/darmen_zorya/status/1740731455813398930","710724147882622976","darmen_zorya"
"1740295296918458870","Fri Dec 29 13:46:53 +0000 2023","0","@jankerzone @kumparan mana nih pendukung prabowo-gibran yang kemarin sempat ribut akan menang satu putaran katanya.. panik gak pasti itu sekarang","1740731113868526065","","jankerzone","in","","0","0","0","https://twitter.com/istiqomahsaymsi/status/1740731113868526065","1728695883443945472","istiqomahsaymsi"
"1740706696740381148","Fri Dec 29 13:43:39 +0000 2023","0","@insanul94 @ainunnajib @aniesbaswedan @prabowo @ganjarpranowo @cakimiNOW @gibran_tweet @mohmahfudmd Takut kena uu ite hhhh","1740730299452100781","","insanul94","in","","0","0","0","https://twitter.com/RafifSyaba48738/status/1740730299452100781","1659786383915982850","RafifSyaba48738"
"1740723296898085086","Fri Dec 29 13:40:52 +0000 2023","0","@ainunnajib ngeri wowo ini aslinya ..... #AsalBukanPrabowo","1740729600848875609","","ainunnajib","in","","0","0","0","https://twitter.com/AliBJ48237671/status/1740729600848875609","1240528929313550336","AliBJ48237671"
"1740684916118130988","Fri Dec 29 13:32:40 +0000 2023","0","@cobeh2022 Jd takut banget klw sampai dia jd Presiden wahai para pemuja Wowo sadarlah kalian segera.","1740727536425075177","","cobeh2022","in","","0","0","0","https://twitter.com/BacotDoangLu/status/1740727536425075177","1170681033106149376","BacotDoangLu"
"1740672260703490329","Fri Dec 29 13:32:24 +0000 2023","10","@M45Broo takut dengan asal bukan prabowo.. segala cara di lakukan untuk menang satu putaran...kita kawal agar tidak terjadi kecurangan...","1740727469274210439","","M45Broo","in","","0","1","1","https://twitter.com/kevindehai66944/status/1740727469274210439","1686238797124796416","kevindehai66944"
"1740603409370386911","Fri Dec 29 13:28:53 +0000 2023","0","@pro_gibran_ Mas gibran membuktikan kepada orang orang yang nyinyir bahwa mas gibran takut debat tapi nyatanya mas gibran lah yang menguasai perdebatan","1740726585244962929","","pro_gibran_","in","Lampung Selatan, Lampung","0","0","0","https://twitter.com/GunawanEvelina/status/1740726585244962929","1732754880195145728","GunawanEvelina"
"1740726295879971022","Fri Dec 29 13:27:44 +0000 2023","21","Genderuwo gayam mulai panik ni kwkwkwk Biawak yang katanya rajanya Buzzer Panglima Cebong ngetik aja belepotan kwkwkwk... Komisaris hasil melas ini sampai Nuduh pendukung militan samsul @gibran_tweet Anti Jokowi Wkkwkwkw https://t.co/mlcw34LdjD","1740726295879971022","https://pbs.twimg.com/media/GChNV1MaYAAKAoC.jpg","","in","Mojokerto, Jawa Timur","1","8","9","https://twitter.com/ahmad_bellamy/status/1740726295879971022","1081205704898179073","ahmad_bellamy"
"1740724611602653351","Fri Dec 29 13:21:03 +0000 2023","3","Jangan khawatir Prabowo-Gibran tenggelam sebelum waktunya...","1740724611602653351","","","in","Tarakan","0","0","1","https://twitter.com/abdul_jabarsyah/status/1740724611602653351","1604129241259741184","abdul_jabarsyah"
"1740702362749280346","Fri Dec 29 13:12:52 +0000 2023","2","@elkrova @adri_7i Sembah wowo boleh tapi jgn berlebihan takut ntar gila.karena garis tangan wowo kalah terus.percaya tidak terserah.itu fakta loh bukan mitos","1740722555277939080","","elkrova","in","Aceh indonesia","0","0","0","https://twitter.com/mundhri03180616/status/1740722555277939080","1222848431456022528","mundhri03180616"
"1740706696740381148","Fri Dec 29 13:12:19 +0000 2023","0","@ainunnajib @aniesbaswedan @prabowo @ganjarpranowo @cakimiNOW @gibran_tweet @mohmahfudmd Tapi jadi keinget scene film Habibie Ainun rahimahullah BJ Habibie sampai disuruh tidur oleh istrinya ketika Pak Habibie sedang mencari buku/dokumen bacaan untuk referensi karena Bu Ainun khawatir beliau belum ada istirahatnya.","1740722415737647608","","ainunnajib","in","","0","0","0","https://twitter.com/yeahboi9110/status/1740722415737647608","1666050501102964736","yeahboi9110"
"1740630752075894931","Fri Dec 29 13:11:07 +0000 2023","0","@Paltiwest Buzzer2 pd panik.. Krn klu lht trand survei Prabowo Gibran naik bs jd satu putaran nih.","1740722114934800649","","Paltiwest","in","","0","0","0","https://twitter.com/Arietakduts/status/1740722114934800649","733195976","Arietakduts"
"1740696028301652285","Fri Dec 29 13:08:20 +0000 2023","0","@Munir_Timur Ngeri kali ini orang ini kalau Prabowo jadi Presiden (Jangan ampe) bisa bisa hilang.","1740721414288847149","","Munir_Timur","in","Cikarang, Indonesia","0","0","0","https://twitter.com/Fajriansyah_Riz/status/1740721414288847149","3926337312","Fajriansyah_Riz"
"1739971026145223044","Fri Dec 29 13:08:17 +0000 2023","0","@VIVAcoid Mungkin wowo takut nantinya ga dapet dukungan","1740721398870642846","","VIVAcoid","in","","0","0","0","https://twitter.com/HilyaTami19259/status/1740721398870642846","1733462225489440768","HilyaTami19259"
"1740696028301652285","Fri Dec 29 13:07:39 +0000 2023","4","@Munir_Timur Liat kelakuan dia begini jadi respect ke pak SBY dulu waktu masih jadi presiden. Walau latar belakangnya militer tapi gak ada ancam mengancam kayak begini. Prabowo ini belum bisa menahan gairah militernya yg jelas tidak bisa diimplementasikan ke masyarakat sipil.","1740721240795648091","","Munir_Timur","in","","0","0","0","https://twitter.com/randi_andiva/status/1740721240795648091","1540355252947324928","randi_andiva"
"1740667897620676740","Fri Dec 29 13:05:17 +0000 2023","0","@Fahrihamzah soal nama apa aja bisa ya kebetulan aja paslon 1 dpt nama singkatan yg pas gtu di 02 jg kdng pakai singakatan PAGI (prabowo-Gibran) apa ada yg alergi bilang semangat pagi? ga ada tuh! jgn2 kubu 02 takut dgn banyangannya sendiri","1740720645472911821","","Fahrihamzah","in","Bali, Indonesia","0","0","0","https://twitter.com/BagusGenjing16/status/1740720645472911821","1328174373375643650","BagusGenjing16"
"1740720462542553441","Fri Dec 29 13:04:33 +0000 2023","0","BANGSAAAT MAS GIBRAN DAH COBA BRANDING BAGUS MALAH CAPRESNYA PEKOK BLUNDER TERUS LO BANNED PERS WARTAWAN YA JANGAN HARAP LO DAPETIN SUARA PEMILU BLOKKKK TAKUT ORBA REBRANDING/REBORN ANYING","1740720462542553441","","","in","AD","0","1","0","https://twitter.com/urfuturehusvend/status/1740720462542553441","1479414207904845824","urfuturehusvend"
"1740316041131995498","Fri Dec 29 13:03:54 +0000 2023","0","@Dennysiregar7 emg yang buat ngeri pas orde baru karna prabowo itu apa ya? gua belum lahir soalnya no salty","1740720297987457251","","Dennysiregar7","in","","0","0","0","https://twitter.com/kiaaasamha/status/1740720297987457251","1718819339556777984","kiaaasamha"
"1740708883893751949","Fri Dec 29 13:03:14 +0000 2023","1","@HmfaqihA @kikysaputrii Gak bakal nemu pak....wong dia takut banget sama Prabowo","1740720131301654781","","HmfaqihA","in","","0","0","0","https://twitter.com/Radenjoyo80/status/1740720131301654781","1626616435643682816","Radenjoyo80"
"1740684916118130988","Fri Dec 29 12:58:35 +0000 2023","0","@cobeh2022 Anjir polontong maen ancam kitu celem wowo ya setuju lh tar kalo jadi culik ajah lh 1 1 culik sma kambing nya woo oke heug","1740718960545513798","","cobeh2022","in","","0","0","0","https://twitter.com/Paduli_ah/status/1740718960545513798","1157924456","Paduli_ah"
"1740696028301652285","Fri Dec 29 12:48:50 +0000 2023","0","@Munir_Timur Wuidih galak amat Pak @prabowo belum jg berkuasa udah maen ancam-mengancam fix ASAL BUKAN PRABOWO.","1740716506047222060","","Munir_Timur","in","Lombok - Semarang ","0","1","0","https://twitter.com/AliSyafii2/status/1740716506047222060","352862662","AliSyafii2"
"1740711656123171205","Fri Dec 29 12:47:26 +0000 2023","0","@soyjorbu Makanya mereka takut sama narasi Asal Bukan Prabowo Fyi narasi asal bukan Prabowo muncul dari kubu 01","1740716151213330596","","birokayumanis","in","","0","0","0","https://twitter.com/bergulingan/status/1740716151213330596","1493170253995462662","bergulingan"
"1740702295061639363","Fri Dec 29 12:44:38 +0000 2023","0","@thejurgenholic Eksistensi pendukung sana dah kayak tim mawarnya Prabowo ya? Bikin takut.","1740715450013806747","","thejurgenholic","in","Sidoarjo, Indonesia","0","0","0","https://twitter.com/AgusJohann/status/1740715450013806747","829043798","AgusJohann"
"1740320854179991615","Fri Dec 29 12:40:54 +0000 2023","0","@MurtadhaOne1 Mau gimana juga kalau Prabowo yang datang rasanya beda. Orang jadi ngeri gak kayak suasana ramah dan dekat seperti Pak Ganjar","1740714508640018871","","MurtadhaOne1","in","Indonesia","0","0","0","https://twitter.com/PSipodang37714/status/1740714508640018871","1737023359496704000","PSipodang37714"
"1740714405539835971","Fri Dec 29 12:40:29 +0000 2023","0","Ternyata @prabowo ini berambisi juga jadi Presiden. Waktu debat kemarin ngomongnya lantang : Saya tidak takut tidak punya jawaban.. Preeettt","1740714405539835971","","","in","East Timor","0","0","0","https://twitter.com/Rudi58985524/status/1740714405539835971","1629887532237484032","Rudi58985524"
"1740580400014238047","Fri Dec 29 12:38:24 +0000 2023","0","@AbdulRachimmks Prabowo Ancam Para Media Simak videonya di bawah ini https://t.co/rAv7l5tozy","1740713881214042209","","AbdulRachimmks","in","South Sumatra, Indonesia","0","0","0","https://twitter.com/HansRaif/status/1740713881214042209","1641934421061410818","HansRaif"
"1740710659418132725","Fri Dec 29 12:30:11 +0000 2023","0","@abu_waras @aniesbaswedan @prabowo Untuk kawan- kawan yang besar karena media massa @Arie_Kriting @ArieKuntung @NajwaShihab @kikysaputrii @kaesangp kalo kebebasan pers hilang seketika siapa yang patut kita tuduh ... Ngeri kali ah happy ending nya. Wkkwkwkw","1740711812298129817","","abu_waras","in","Indonesia","0","0","0","https://twitter.com/partaikaumriang/status/1740711812298129817","1740335933688590336","partaikaumriang"
"1740711121601077691","Fri Dec 29 12:27:26 +0000 2023","0","Prabowo masa lalumu bikin kita takut jadi jangan presiden @itsnanprasetya https://t.co/SWxzQOUL3O","1740711121601077691","","","in","Pagar Alam","0","0","0","https://twitter.com/dody_sptr/status/1740711121601077691","1688423299024551936","dody_sptr"
"1740711087451120074","Fri Dec 29 12:27:18 +0000 2023","238","mantap..! tapi jika kalah jangan lagi bawa batu pake ambulance ya ncu gembul @prabowo emak saranin kalau kalah nanti legowo &amp; secepatnya nikah biar ada yg rawatin kasih minum susu &amp; suapin makan siyang jangan takut janda atau perawan redi setok di negeri konoha.. gkgkgk","1740711087451120074","","","in","Di Jero Imah","5","68","50","https://twitter.com/KaredokLeunca__/status/1740711087451120074","1271319727751610385","KaredokLeunca__"
"1740710920832287023","Fri Dec 29 12:26:39 +0000 2023","1","Wowo paling Takut dengan The Jakarta Post. Dibilang tidak Netral. Yang Netral cuman POST KOTA. https://t.co/wv4esQQleI","1740710920832287023","https://pbs.twimg.com/ext_tw_video_thumb/1740710892176912385/pu/img/69ztRbXLNLom3ilT.jpg","","in","Balikpapan, Kalimantan Timur","0","0","0","https://twitter.com/Rudetiawanst/status/1740710920832287023","2309515658","Rudetiawanst"
"1740710689986211873","Fri Dec 29 12:25:43 +0000 2023","0","Wah Prabowo jadi presiden? Ngeri ngeri ngeri banget @Itzr666 https://t.co/vU83aa6pzR","1740710689986211873","","","in","Salatiga","0","0","0","https://twitter.com/SintaAzkiia/status/1740710689986211873","1688771654212780032","SintaAzkiia"
"1740710539058417941","Fri Dec 29 12:25:08 +0000 2023","0","Prabowo masa lalu kelammu bikin kita gemetar bro @WDdeath https://t.co/8SarhaURVm","1740710539058417941","","","in","Cilegon, Indonesia","0","0","0","https://twitter.com/adinnugrahaaa/status/1740710539058417941","1690025875755110400","adinnugrahaaa"
"1740709538507219117","Fri Dec 29 12:21:09 +0000 2023","0","Prabowo serangan Istana kami tersenyum-senyum takut @ssssuattttt https://t.co/qDkmVc0UJw","1740709538507219117","","","in","Pangkalpinang","0","0","0","https://twitter.com/johanfaizz/status/1740709538507219117","1687042283462651904","johanfaizz"
"1740709086885478614","Fri Dec 29 12:20:59 +0000 2023","0","Kondisi ini pula yg bikin 02 sekarang sibuk nyerang 01. Mrk anggap sekarang batu ganjalan untuk menang 1 putaran tinggal massa 01 sebab 03 udah digencet duluan abis2an. Termasuk mereka gelisah dg narasi Asal Bukan Prabowo.","1740709495666614553","","ahsanridhoi","in","Indonesia","0","0","0","https://twitter.com/ahsanridhoi/status/1740709495666614553","348977154","ahsanridhoi"
"1740696028301652285","Fri Dec 29 12:20:54 +0000 2023","0","@Munir_Timur pak wowo mending istirahat deh takut gw kenapa2 ama beliau.","1740709474875441156","","Munir_Timur","in","Planet Sambat","0","0","0","https://twitter.com/sambataesu/status/1740709474875441156","1164258763496230912","sambataesu"
"1740547723013795960","Fri Dec 29 12:20:34 +0000 2023","0","@AzkayraMika99 @billyboys341 @tvOneNews bener banget ini klo prabowo menang malah ngeri ini indonesia","1740709389965901992","","AzkayraMika99","in","","0","0","0","https://twitter.com/langitindigo/status/1740709389965901992","1467166915852333056","langitindigo"
"1740709117919129945","Fri Dec 29 12:19:29 +0000 2023","0","Kalau Prabowo jadi presiden ngeri deh nasib bangsa ini @taufic_12 https://t.co/9VdGgQXhXj","1740709117919129945","","","in","Tegal","0","0","0","https://twitter.com/NofiiAuliaa/status/1740709117919129945","1703326613335924736","NofiiAuliaa"
"1740572370392523136","Fri Dec 29 12:19:10 +0000 2023","1","@AbieudinZ @Apink_94 @Markadina88 @Dennysiregar7 @PDI_Perjuangan @prabowo @bawaslu_RI Saya rasa demikian om. Agak ngeri juga klo ada paslon punya logistik unlimited bisa-bisa dia bayar semua termasuk mengubah hukum demi dirinya dan kelompoknya sendiri.","1740709037703123315","","AbieudinZ","in","Jawa Timur, Indonesia","0","0","0","https://twitter.com/intisari929/status/1740709037703123315","1355089525442105349","intisari929"
"1740708803946151969","Fri Dec 29 12:18:14 +0000 2023","0","Prabowo serang Habibie sekarang jadi presiden? Bikin cemas @ismanto_abadi https://t.co/5uTZ3r0Chr","1740708803946151969","","","in","Surakarta","0","0","0","https://twitter.com/mhmmdfjr09/status/1740708803946151969","1688435095571763200","mhmmdfjr09"
"1740708790960546243","Fri Dec 29 12:18:11 +0000 2023","0","Prabowo masa lalu kamu sudah terlalu ngeri bro @indomie45847705 https://t.co/UulPnwTFk3","1740708790960546243","","","in","Langsa","0","0","0","https://twitter.com/Nabil3Haikal/status/1740708790960546243","1688483829101801472","Nabil3Haikal"
"1740708607107449214","Fri Dec 29 12:17:27 +0000 2023","0","Prabowo jangan jadi presiden kita sudah cukup takut @Insomniyo https://t.co/fvOhbjdpRP","1740708607107449214","","","in","Pasuruan","0","0","0","https://twitter.com/andrewsn41/status/1740708607107449214","1688478803683852288","andrewsn41"
"1740708562362655190","Fri Dec 29 12:17:16 +0000 2023","0","Prabowo kayanya istana aja yang takut sama loe deh @ubay_yd https://t.co/lzLvgWWUAp","1740708562362655190","","","in","Sukabumi","0","0","0","https://twitter.com/rahmanaditya41/status/1740708562362655190","1686662021457342464","rahmanaditya41"
"1740708501960401392","Fri Dec 29 12:17:02 +0000 2023","0","Prabowo tuh yang sering ngeri-ngeri sedap serbu Istana @WilvensFortune https://t.co/8jzBiei3Ts","1740708501960401392","","","in","Padang Panjang","0","0","0","https://twitter.com/PradiktaRa/status/1740708501960401392","1686286812283834368","PradiktaRa"
"1740645014378820034","Fri Dec 29 12:16:20 +0000 2023","1","@kompascom Saya Tidak Takut Tak Punya Jabatan Mas Anies! Sorry Ye Sorry Ye Also Prabowo: Nyapres tapi gak mau ngelepas jabatan Menhan. Kenapa pak? Takut ya gak punya jabatan? Sorry ye @prabowo","1740708324948181019","","kompascom","in","Jakarta Capital Region","0","0","0","https://twitter.com/metanetid/status/1740708324948181019","1455175596686807042","metanetid"
"1740707945481117905","Fri Dec 29 12:14:49 +0000 2023","0","Prabowo jangan deh masa lalu kamu bikin merinding @Aldi56185031090 https://t.co/IM0fYh5r2M","1740707945481117905","","","in","Tual","0","0","0","https://twitter.com/FebyNurita40/status/1740707945481117905","1689575990492839936","FebyNurita40"
"1740707844297568762","Fri Dec 29 12:14:25 +0000 2023","0","Mohon tanya ke @bawaslu_RI @BawasluJak Bgmn kelanjutan proses pelanggaran etiknya di kfc? Jgn takut ma bapaknya yaDia itu rakyat yg pilih lho. Jg nggak smua tau Gibran itu anak Mahkamah Keluarga atau #NepoBaby krn bapaknya ternyata jd kepala Negara #Nepotism #DebatCawapres https://t.co/j6Urx92uAP","1740707844297568762","https://pbs.twimg.com/media/GCg8jzAXUAA2Nmo.jpg","","in","Amsterdam, Nederland","0","0","0","https://twitter.com/rmiryanti/status/1740707844297568762","2449850334","rmiryanti"
"1740707736286056548","Fri Dec 29 12:13:59 +0000 2023","0","Prabowo masa lalu kamu itu bikin ngeri bro @sifa115 https://t.co/xpStg4dsfc","1740707736286056548","","","in","Banjar","0","0","0","https://twitter.com/IndriatrianiS/status/1740707736286056548","1686604744578711552","IndriatrianiS"
"1740707430139605360","Fri Dec 29 12:12:46 +0000 2023","0","Prabowo mengingat masa lalumu kita takut akan masa depan @wangxiu28063035 https://t.co/xoaKvGvdOu","1740707430139605360","","","in","Bengkulu, Indonesia","0","0","0","https://twitter.com/artisayasyca/status/1740707430139605360","1690192951316799488","artisayasyca"
"1740660794197741971","Fri Dec 29 12:09:14 +0000 2023","1","@Didiksusilo80 @gibran_tweet Walikota dan cawapres diajak debat sama mahasiswa kok takut ..bisanya debat hapalan .cawapres otak kosong","1740706537843429863","","Didiksusilo80","in","","0","0","0","https://twitter.com/MrSimpl92795338/status/1740706537843429863","1389985197400068098","MrSimpl92795338"
"1740706450392158325","Fri Dec 29 12:08:53 +0000 2023","0","Prabowo jadi pemimpin? Ngakak ngeri sih sebenernya @the0ka https://t.co/AcHHLPLxQ9","1740706450392158325","","","in","Sabang","0","0","0","https://twitter.com/wiboworahmann/status/1740706450392158325","1686765680324939776","wiboworahmann"
"1740706438551601504","Fri Dec 29 12:08:50 +0000 2023","0","Prabowo kalau jadi presiden Istana takut rusak lagi @sipimenn https://t.co/gs4xNMawCX","1740706438551601504","","","in","Sukabum","0","0","0","https://twitter.com/irwansaputraaa2/status/1740706438551601504","1683365444869324800","irwansaputraaa2"
"1740706421438923072","Fri Dec 29 12:08:46 +0000 2023","14","Bahkan latar belakang suram dan mengerikan dari capres 02 menjadi tajuk berita utama di Australia. Mereka khawatir hubungan baik yang terjalin selama ini bisa rusak. Bisa jadi mereka akan senang siapapun presidennya asal jangan Prabowo . Setuju dgn pendapat ini. https://t.co/OCKkGrq6nD","1740706421438923072","https://pbs.twimg.com/media/GCg7QjqbIAAmPVZ.jpg","","in","","0","0","14","https://twitter.com/AnakLolina2/status/1740706421438923072","1276794185425670144","AnakLolina2"
"1740706407979372660","Fri Dec 29 12:08:43 +0000 2023","0","Ngeri pasukan Prabowo serang Habibie di istana dulu @apalutega https://t.co/yc97svtV36","1740706407979372660","","","in","Kupang, Indonesia","0","0","0","https://twitter.com/febriantidevi_/status/1740706407979372660","1686262889303470080","febriantidevi_"
"1740706393404174808","Fri Dec 29 12:08:39 +0000 2023","0","Wah Prabowo memimpin serangan ke Habibie dulu ya? Ngeri @yousefbastian4 https://t.co/kqhQ45MqqY","1740706393404174808","","","in","Pematangsiantar","0","0","0","https://twitter.com/vanvaniaa_a/status/1740706393404174808","1686265194140651520","vanvaniaa_a"
"1740706224549818474","Fri Dec 29 12:07:59 +0000 2023","2","Salah satu alasan kenapa kami tidak akan mendukung prabowo Kebebasan pers adalah pilar berjalannya demokrasi tidak boleh pers diancam ancam seperti itu","1740706224549818474","","","in","","0","0","0","https://twitter.com/partaimedsos45/status/1740706224549818474","1574691020595290112","partaimedsos45"
"1740705948732371117","Fri Dec 29 12:06:53 +0000 2023","0","Prabowo jangan jadi presiden kita sudah cukup takut @IndraTambunan16 https://t.co/pNouNYQ56A","1740705948732371117","","","in","Cirebon","0","0","0","https://twitter.com/BellaNurlizaa/status/1740705948732371117","1688421271523201024","BellaNurlizaa"
"1740705900204319167","Fri Dec 29 12:06:42 +0000 2023","0","Prabowo masa lalu serangan Istana bikin merinding deh @syamsazali https://t.co/06OmBfagGx","1740705900204319167","","","in","TASIKMALAYA","0","0","0","https://twitter.com/herlinaindah61/status/1740705900204319167","1688582619922079744","herlinaindah61"
"1740615637872075199","Fri Dec 29 12:00:43 +0000 2023","3","@benkuswardhana @adearmando61 @panca66 @Abaaah @ajengcute16__ Ga ada yg emosi itu rakyat joget2 cuma sambil teriak prabowo gitu aja panik ..","1740704395216797778","","benkuswardhana","in","DKI JAKARTA","0","19","0","https://twitter.com/ryorossi4689/status/1740704395216797778","1221739106","ryorossi4689"
"1740703779157409851","Fri Dec 29 11:58:16 +0000 2023","0","PRABOWO &amp; GANJAR KETAR-KETIR! MAKIN DIPANDANG DUNIA MAHASISWA LUAR NEGERI PUN TERPUKAU LIHAT ANIES! https://t.co/2veMgYJFJG","1740703779157409851","","","in","Jakarta Timur, DKI Jakarta","0","0","0","https://twitter.com/SsPasadena/status/1740703779157409851","1616209097254375425","SsPasadena"
"1740703732890017804","Fri Dec 29 11:58:05 +0000 2023","0","Ngeri sih Prabowo jadi presiden? Tapi dia serang Habibie dulu @jaka tarub https://t.co/XbgmuPBJZV","1740703732890017804","","","in","Cilegon","0","0","0","https://twitter.com/ginakamilah_1/status/1740703732890017804","1684923747252441088","ginakamilah_1"
"1740348704098529752","Fri Dec 29 11:55:47 +0000 2023","0","@RcyberProj0 @gibran_tweet @prabowo @Projo_Pusat @handoko2411 @budimuni98 @FALDA81 Ga percaya klo rakyat segibran itu.. paking takut diintimidasi.. jd lbh baik ngaku saja pilih 02. Mkmkmkmk","1740703154310983833","","RcyberProj0","in","Jambi","0","0","0","https://twitter.com/kholidansori/status/1740703154310983833","172968927","kholidansori"
"1740287724815532485","Fri Dec 29 11:55:29 +0000 2023","1","@Hasbil_Lbs ga takut ditempeleng sama prabowo bawa2 misi prubahan?","1740703079237071228","","Hasbil_Lbs","in","Bali, Indonesia","0","0","0","https://twitter.com/BagusGenjing16/status/1740703079237071228","1328174373375643650","BagusGenjing16"
"1740675964345196925","Fri Dec 29 11:54:57 +0000 2023","0","@Fahrihamzah Anda adalah orang yg gak percaya diri dengan mendukung prabowo sehingga sebuah perkataan amin pun dijadikan alasan karena khawatir dengan kemenangan amin jangan harap gelora lolos ke senayan pks masih terlalu kuat","1740702946965467647","","Fahrihamzah","in","tangerang","0","0","0","https://twitter.com/ndang_27/status/1740702946965467647","978577454","ndang_27"
"1740701513218158881","Fri Dec 29 11:49:16 +0000 2023","0","Prabowo jadi presiden itu beneran? Ngeri banget deh @J_Akhdaan https://t.co/teDtdzOyaq","1740701513218158881","","","in","Mataram","0","0","0","https://twitter.com/ltfiazka44/status/1740701513218158881","1685836223531872256","ltfiazka44"
"1740646095745871877","Fri Dec 29 11:43:59 +0000 2023","0","@taufan_md @mihrabku @prabowo Wowonya nggak berani bikin acara masyarakat juga ngeri kalau mau mendesak. Mending diem biar selamat wkwkwkwk","1740700186773770416","","taufan_md","in","Anywhere","0","0","0","https://twitter.com/egoportamundi/status/1740700186773770416","1628275652288987137","egoportamundi"
"1740700131383730333","Fri Dec 29 11:43:46 +0000 2023","0","Masa lalu Prabowo semakin jelas semakin ngeri @bosmangga111 https://t.co/fGnxJ1QfsF","1740700131383730333","","","in","Yogyakarta","0","0","0","https://twitter.com/fadhildaffaaaa/status/1740700131383730333","1687034860488273920","fadhildaffaaaa"
"1740671975532687398","Fri Dec 29 11:42:20 +0000 2023","0","@intermakcz @Dennysiregar7 Kalau emanng pendukung jokowi ke prabowo semua kenapa gk 80% tu survei... kalau panik tu jangan staknan... inovasi dikit dong ","1740699770107408596","","intermakcz","in","Papua, Indonesia","0","1","0","https://twitter.com/3nd444/status/1740699770107408596","169326679","3nd444"
"1740639986196824156","Fri Dec 29 11:39:31 +0000 2023","1","@xylans Kenapa? Yg dbilang di video relevan kok..udah jelas maksud gibran maju cm sbg perpanjangan tangan jokowi yg gagal 3 periode! Kang bonnie ahli sejarah..dia familiar dgn arah langkah2 semacam ini yg akan membawa ke kehancuran..masa dia ga boleh khawatir?","1740699061320392858","","xylans","in","","0","0","0","https://twitter.com/CharlesBerklay/status/1740699061320392858","1253530246554374144","CharlesBerklay"
"1740698837776535938","Fri Dec 29 11:38:38 +0000 2023","0","Kalau Prabowo jadi presiden Istana pasti khawatir terus @dikiariyanto_s https://t.co/lAMMdSQM96","1740698837776535938","","","in","Jakarta Timur","0","0","0","https://twitter.com/BelAprelia/status/1740698837776535938","1694988707185713152","BelAprelia"
"1740645014378820034","Fri Dec 29 11:35:54 +0000 2023","0","@kompascom Setuju pak Kyai Tapi pak jokowi 2024 takut kalo prabowo gibran mundur susah untuk menang...","1740698149461938216","","kompascom","in","","0","0","0","https://twitter.com/Mashadi37659701/status/1740698149461938216","1064083892636803072","Mashadi37659701"
"1740378907726266771","Fri Dec 29 11:32:39 +0000 2023","0","@Chaves1305 asal jangan Prabowo yang sudah tua sudah sering sakit-sakitan takut nanti dia terkena stroke lagi terus si Gibran asam sulfat naik jadi presiden bisa bubar negara Indonesia yang besar ini","1740697334739288274","","Chavesz08","in","","0","0","0","https://twitter.com/AdeWibo06533618/status/1740697334739288274","1562523510643511300","AdeWibo06533618"
"1740697224521408844","Fri Dec 29 11:32:13 +0000 2023","0","Kalau Prabowo jadi presiden ayo siap-siap panik @bobbyzipperz https://t.co/If4ErORQgO","1740697224521408844","","","in","Sungai Penuh","0","0","0","https://twitter.com/SuryAminah/status/1740697224521408844","1695010589079392257","SuryAminah"
"1740638783832563931","Fri Dec 29 11:26:44 +0000 2023","0","@democrazymedia tidak takut untuk memilih prabowo-gibran","1740695845031555108","","democrazymedia","in","","0","0","0","https://twitter.com/BiruCaraka88918/status/1740695845031555108","1726115490001801216","BiruCaraka88918"
"1740623363901649228","Fri Dec 29 11:25:22 +0000 2023","0","@Kimberley_2024 Makanya jgn main curang kim.ketidak adilan harus dilawan kok malah dibilang manas2i lol.! Tuh yg ngancam2 media tuh yg ngeri.. Blm jd apa2 dah ngancam2 media. Parah si wowo nih","1740695502197555502","","Kimberley_2024","in","Central Borneo, Indonesia","0","0","0","https://twitter.com/KentKukuh/status/1740695502197555502","1124852036","KentKukuh"
"1740645014378820034","Fri Dec 29 11:22:03 +0000 2023","17","@asfan_warah @kompascom @prabowo Yuk pak mundur @prabowo atas saran wapres. Katanya bapak ga takut ga dapat jabatan pak katanya rela mati pula","1740694665056375023","","asfan_warah","in","London, England","0","0","0","https://twitter.com/primrose_violet/status/1740694665056375023","1519984585580642304","primrose_violet"
"1740632129401508008","Fri Dec 29 11:21:21 +0000 2023","0","@KompasTV ga takut gtu doang mas gibran udah kebal","1740694490317508743","","KompasTV","in","","0","0","0","https://twitter.com/alinkaolin/status/1740694490317508743","1686964893722001408","alinkaolin"
"1740632129401508008","Fri Dec 29 11:20:20 +0000 2023","0","@KompasTV gtu doang ga membuat gibran takut malah menjadi motivasi untuknya","1740694232967634963","","KompasTV","in","","0","0","0","https://twitter.com/lararunna/status/1740694232967634963","1682965937975353345","lararunna"
"1740553981456453826","Fri Dec 29 11:14:19 +0000 2023","0","@raflirafli98_ @tempodotco Bang beny dari dlu emang berani dan konsistennya bang dri dlu emng dia gabakal dukung prabowo sekalipun dia masih berada di kubu penguasa sekarang. Sekalipun jabatan dia terancam sekalipun dia gabakal takut","1740692717720781041","","ngiungiungiu_","in","Kota Manado, Sulawesi Utara","0","0","0","https://twitter.com/ozy_mansurr/status/1740692717720781041","1586729793001000961","ozy_mansurr"
"1740638783832563931","Fri Dec 29 11:12:06 +0000 2023","0","@democrazymedia siap dukung prabowo-gibran pokoknya ga takut","1740692160369078386","","democrazymedia","in","","0","0","0","https://twitter.com/ChioTara29811/status/1740692160369078386","1722127675110907904","ChioTara29811"
"1740348704098529752","Fri Dec 29 11:09:08 +0000 2023","0","@RcyberProj0 @gibran_tweet @prabowo @Projo_Pusat @handoko2411 @budimuni98 @FALDA81 Sangking paniknya ngepost terus survey khayalannn... Panik kan...","1740691416551149985","","RcyberProj0","in","","0","0","0","https://twitter.com/pix9963050/status/1740691416551149985","1736004676548792320","pix9963050"
"1740689558357016916","Fri Dec 29 11:01:45 +0000 2023","1","Siapa kmrn dgn sombongnya bilang asal bkn wowo bs bikin panik kubu 02? Udh gerakan echo chamber segment targetnya jg ke passive voters atau org nolep yg g punya pengaruh di irl dan mungkin g datang ke tempat suara saat d-day pemilu.","1740689558357016916","","","in","Palm Beach Gardens, FL","0","0","0","https://twitter.com/kowizuk/status/1740689558357016916","1682645502867968003","kowizuk"
"1740667897620676740","Fri Dec 29 11:00:38 +0000 2023","0","@Fahrihamzah Prabowo keok satu putaran. Ada yg panik","1740689274092372102","","Fahrihamzah","in","Picardie, France","0","0","0","https://twitter.com/slametan/status/1740689274092372102","187479350","slametan"
"1740674475404964012","Fri Dec 29 10:57:43 +0000 2023","0","@swibsyd @Dennysiregar7 Bukan masalah menolak ganjar... tp pendukung ganjarnya... yg nyerang terus gibran.. nyerang prabowo terserah... ini gibran katanya masih bau kencur kok di serang... besok2 pada takut anak muda tampil..","1740688542786052427","","swibsyd","in","","0","1","0","https://twitter.com/NalarNatural/status/1740688542786052427","2487391488","NalarNatural"
"1740684916118130988","Fri Dec 29 10:56:42 +0000 2023","1","@cobeh2022 Sungguh biadab itu Prabowo Min @Gerindra Jangan khawatir kmi siap perang dgn kalian kok","1740688284077212016","","cobeh2022","in","","0","0","0","https://twitter.com/GenihNaga/status/1740688284077212016","1603640470243921920","GenihNaga"
"1740338717724930180","Fri Dec 29 10:53:12 +0000 2023","0","@andikamalreza Ngeri dah kalau pak wowo mimpin Negri ini...","1740687406142222701","","andikamalreza","in","","0","0","0","https://twitter.com/sim44237/status/1740687406142222701","1700015354679050240","sim44237"
"1740547723013795960","Fri Dec 29 10:43:50 +0000 2023","0","@ArlenYatari @billyboys341 @tvOneNews tepat sekali. drpd negara di pegang ama wowo yg doyan korupsi. hii ngeri ntar otoriter mainnya jelek","1740685047353753994","","ArlenYatari","in","","0","0","0","https://twitter.com/praskepras/status/1740685047353753994","1739863452397805568","praskepras"
"1740684916118130988","Fri Dec 29 10:43:19 +0000 2023","4451","Prabowo Ancam Media Hati-Hati... Kami Catat Kelakuanmu Kami Bukan Kambing-2 Yang Bisa Kau Atur-2 https://t.co/lOzeMHzx8t","1740684916118130988","https://pbs.twimg.com/ext_tw_video_thumb/1740684787051106304/pu/img/ctrVv6QWvIEYigq9.jpg","","in","","535","908","1703","https://twitter.com/cobeh2022/status/1740684916118130988","1603638553820684289","cobeh2022"
"1740646095745871877","Fri Dec 29 10:42:31 +0000 2023","0","@mihrabku @prabowo Takut tadz pulang bisa ilang","1740684717136207952","","mihrabku","in","","0","0","0","https://twitter.com/AdiNarendra11/status/1740684717136207952","1274892163155767296","AdiNarendra11"
